<?xml version="1.0" encoding="UTF-8"?>

<Bundle xmlns="http://hl7.org/fhir">
  <id value="5f07399c-6d9d-4d79-addf-1bf0796c27ac"/>
  <meta>
    <lastUpdated value="2022-03-04T10:02:11.547+00:00"/>
  </meta>
  <type value="collection"/>
  <entry>
    <fullUrl value="https://www.vision-zero-oncology.de/fhir/ValueSet/vs-ecog-performance-status-snomed"/>
    <resource>
      <ValueSet>
        <id value="vs-ecog-performance-status-snomed"/>
        <text>
          <status value="generated"/>
          <div xmlns="http://www.w3.org/1999/xhtml">
            <p>This value set contains 6 concepts</p>
            <p style="border: black 1px dotted; background-color: #EEEEEE; padding: 8px; margin-bottom: 8px">Expansion based on SNOMED CT International edition 31-Jul 2021</p>
            <p>All codes in this table are from the system 
              <a href="http://terminology.hl7.org/3.1.0/CodeSystem-v3-snomed-CT.html">
                <code>http://snomed.info/sct</code>
              </a>
            </p>
            <table class="codes">
              <tr>
                <td style="white-space:nowrap">
                  <b>Code</b>
                </td>
                <td>
                  <b>Display</b>
                </td>
                <td>
                  <b>Definition</b>
                </td>
              </tr>
              <tr>
                <td style="white-space:nowrap">
                  <a name="http---snomed.info-sct-422512005"> </a>
                  <a href="http://browser.ihtsdotools.org/?perspective=full&amp;conceptId1=422512005">422512005</a>
                </td>
                <td>Eastern Cooperative Oncology Group performance status - grade 1 (finding)</td>
                <td/>
              </tr>
              <tr>
                <td style="white-space:nowrap">
                  <a name="http---snomed.info-sct-422894000"> </a>
                  <a href="http://browser.ihtsdotools.org/?perspective=full&amp;conceptId1=422894000">422894000</a>
                </td>
                <td>Eastern Cooperative Oncology Group performance status - grade 2 (finding)</td>
                <td/>
              </tr>
              <tr>
                <td style="white-space:nowrap">
                  <a name="http---snomed.info-sct-423053003"> </a>
                  <a href="http://browser.ihtsdotools.org/?perspective=full&amp;conceptId1=423053003">423053003</a>
                </td>
                <td>Eastern Cooperative Oncology Group performance status - grade 3 (finding)</td>
                <td/>
              </tr>
              <tr>
                <td style="white-space:nowrap">
                  <a name="http---snomed.info-sct-423237006"> </a>
                  <a href="http://browser.ihtsdotools.org/?perspective=full&amp;conceptId1=423237006">423237006</a>
                </td>
                <td>Eastern Cooperative Oncology Group performance status - grade 4 (finding)</td>
                <td/>
              </tr>
              <tr>
                <td style="white-space:nowrap">
                  <a name="http---snomed.info-sct-423409001"> </a>
                  <a href="http://browser.ihtsdotools.org/?perspective=full&amp;conceptId1=423409001">423409001</a>
                </td>
                <td>Eastern Cooperative Oncology Group performance status - grade 5 (finding)</td>
                <td/>
              </tr>
              <tr>
                <td style="white-space:nowrap">
                  <a name="http---snomed.info-sct-425389002"> </a>
                  <a href="http://browser.ihtsdotools.org/?perspective=full&amp;conceptId1=425389002">425389002</a>
                </td>
                <td>Eastern Cooperative Oncology Group performance status - grade 0 (finding)</td>
                <td/>
              </tr>
            </table>
          </div>
        </text>
        <url value="https://www.vision-zero-oncology.de/fhir/ValueSet/vs-ecog-performance-status-snomed"/>
        <version value="0.1.0"/>
        <name value="VS_ECOG_Performance_Status_SNOMED"/>
        <title value="ECOG Performance Status SNOMED"/>
        <status value="active"/>
        <date value="2022-03-04T10:02:11+00:00"/>
        <publisher value="Berlin Institute of Health at Charité (BIH)"/>
        <contact>
          <name value="Berlin Institute of Health at Charité (BIH)"/>
          <telecom>
            <system value="url"/>
            <value value="https://www.bihealth.org/"/>
          </telecom>
        </contact>
        <description value="The ValueSet contains the ECOG Performance Status values from SNOMED CT."/>
        <copyright value="This artefact includes content from SNOMED Clinical Terms® (SNOMED CT®) which is copyright of the International Health Terminology Standards Development Organisation (IHTSDO). Implementers of these artefacts must have the appropriate SNOMED CT Affiliate license - for more information contact http://www.snomed.org/snomed-ct/getsnomed-ct or info@snomed.org."/>
        <expansion>
          <extension url="http://hl7.org/fhir/StructureDefinition/valueset-unclosed">
            <valueBoolean value="true"/>
          </extension>
          <identifier value="urn:uuid:af102f73-bcd9-4b4a-b1eb-d0faa44ad190"/>
          <timestamp value="2022-03-04T10:02:25+00:00"/>
          <total value="6"/>
          <parameter>
            <name value="excludeNested"/>
            <valueBoolean value="false"/>
          </parameter>
          <parameter>
            <name value="limitedExpansion"/>
            <valueBoolean value="true"/>
          </parameter>
          <parameter>
            <name value="version"/>
            <valueUri value="http://snomed.info/sct|http://snomed.info/sct/900000000000207008/version/20210731"/>
          </parameter>
          <contains>
            <system value="http://snomed.info/sct"/>
            <code value="422512005"/>
            <display value="Eastern Cooperative Oncology Group performance status - grade 1 (finding)"/>
          </contains>
          <contains>
            <system value="http://snomed.info/sct"/>
            <code value="422894000"/>
            <display value="Eastern Cooperative Oncology Group performance status - grade 2 (finding)"/>
          </contains>
          <contains>
            <system value="http://snomed.info/sct"/>
            <code value="423053003"/>
            <display value="Eastern Cooperative Oncology Group performance status - grade 3 (finding)"/>
          </contains>
          <contains>
            <system value="http://snomed.info/sct"/>
            <code value="423237006"/>
            <display value="Eastern Cooperative Oncology Group performance status - grade 4 (finding)"/>
          </contains>
          <contains>
            <system value="http://snomed.info/sct"/>
            <code value="423409001"/>
            <display value="Eastern Cooperative Oncology Group performance status - grade 5 (finding)"/>
          </contains>
          <contains>
            <system value="http://snomed.info/sct"/>
            <code value="425389002"/>
            <display value="Eastern Cooperative Oncology Group performance status - grade 0 (finding)"/>
          </contains>
        </expansion>
      </ValueSet>
    </resource>
  </entry>
</Bundle>