<?xml version="1.0" encoding="UTF-8"?>

<BodyStructure xmlns="http://hl7.org/fhir">
  <id value="CerebellarSarcoma"/>
  <meta>
    <profile value="https://www.vision-zero-oncology.de/fhir/StructureDefinition/tumor"/>
  </meta>
  <text>
    <status value="generated"/><div xmlns="http://www.w3.org/1999/xhtml"><p><b>Generated Narrative: BodyStructure</b><a name="CerebellarSarcoma"> </a></p><div style="display: inline-block; background-color: #d9e0e7; padding: 6px; margin: 4px; border: 1px solid #8da1b4; border-radius: 5px; line-height: 60%"><p style="margin-bottom: 0px">Resource BodyStructure &quot;CerebellarSarcoma&quot; </p><p style="margin-bottom: 0px">Profile: <a href="StructureDefinition-tumor.html">Tumor</a></p></div><p><b>morphology</b>: Cerebellar sarcoma (morphologic abnormality) <span style="background: LightGoldenRodYellow; margin: 4px; border: 1px solid khaki"> (<a href="https://browser.ihtsdotools.org/">SNOMED CT</a>#17302008)</span></p><p><b>location</b>: Structure of left cerebellar hemisphere (body structure) <span style="background: LightGoldenRodYellow; margin: 4px; border: 1px solid khaki"> (<a href="https://browser.ihtsdotools.org/">SNOMED CT</a>#1010600003)</span></p><p><b>patient</b>: <a href="Patient-ExamplePatient.html">Patient/ExamplePatient</a> &quot; BACH&quot;</p></div>
  </text>
  <morphology>
    <coding>
      <system value="http://snomed.info/sct"/>
      <code value="17302008"/>
      <display value="Cerebellar sarcoma (morphologic abnormality)"/>
    </coding>
  </morphology>
  <location>
    <coding>
      <system value="http://snomed.info/sct"/>
      <code value="1010600003"/>
      <display value="Structure of left cerebellar hemisphere (body structure)"/>
    </coding>
  </location>
  <patient>
    <reference value="Patient/ExamplePatient"/>
  </patient>
</BodyStructure>