<?xml version="1.0" encoding="UTF-8"?>

<CodeSystem xmlns="http://hl7.org/fhir">
  <id value="cs-diagnosesicherung-icdo3"/>
  <text>
    <status value="generated"/><div xmlns="http://www.w3.org/1999/xhtml">Placeholder</div>
  </text>
  <url value="https://www.vision-zero-oncology.de/fhir/CodeSystem/cs-diagnosesicherung-icdo3"/>
  <version value="0.1.0"/>
  <name value="DiagnosesicherungICDO3"/>
  <title value="Diagnosesicherung ICD-O-3"/>
  <status value="draft"/>
  <date value="2023-09-27T08:44:59+00:00"/>
  <publisher value="Berlin Institute of Health at Charité (BIH)"/>
  <contact>
    <name value="Berlin Institute of Health at Charité (BIH)"/>
    <telecom>
      <system value="url"/>
      <value value="https://www.bihealth.org/"/>
    </telecom>
  </contact>
  <description value="CodeSystem für die Diagnosesicherungscodes der ICD-O-3"/>
  <jurisdiction>
    <coding>
      <system value="urn:iso:std:iso:3166"/>
      <code value="DEU"/>
    </coding>
  </jurisdiction>
  <copyright value="CC-BY-SA-4.0"/>
  <valueSet value="https://www.vision-zero-oncology.de/fhir/ValueSet/vs-diagnosesicherung-icdo3"/>
  <content value="complete"/>
  <count value="8"/>
  <concept>
    <code value="0"/>
    <display value="Nur Totenschein"/>
  </concept>
  <concept>
    <code value="1"/>
    <display value="Klinisch"/>
  </concept>
  <concept>
    <code value="2"/>
    <display value="Klinische Diagnostik"/>
  </concept>
  <concept>
    <code value="4"/>
    <display value="Spezifische Tumor-Marker"/>
  </concept>
  <concept>
    <code value="5"/>
    <display value="Zytologie"/>
  </concept>
  <concept>
    <code value="6"/>
    <display value="Histologische Untersuchung einer Metastase"/>
  </concept>
  <concept>
    <code value="7"/>
    <display value="Histologische Untersuchung eines Primärtumors"/>
  </concept>
  <concept>
    <code value="9"/>
    <display value="Unbekannt"/>
  </concept>
</CodeSystem>