<?xml version="1.0" encoding="UTF-8"?>

<MedicationAdministration xmlns="http://hl7.org/fhir">
  <id value="exa-medication-administration"/>
  <meta>
    <profile value="https://www.vision-zero-oncology.de/fhir/StructureDefinition/medication-administration"/>
  </meta>
  <text>
    <status value="generated"/><div xmlns="http://www.w3.org/1999/xhtml"><p><b>Generated Narrative: MedicationAdministration</b><a name="exa-medication-administration"> </a></p><div style="display: inline-block; background-color: #d9e0e7; padding: 6px; margin: 4px; border: 1px solid #8da1b4; border-radius: 5px; line-height: 60%"><p style="margin-bottom: 0px">Resource MedicationAdministration &quot;exa-medication-administration&quot; </p><p style="margin-bottom: 0px">Profile: <a href="StructureDefinition-medication-administration.html">Profile MedicationAdministration</a></p></div><p><b>status</b>: completed</p><p><b>medication</b>: Doxorubicin <span style="background: LightGoldenRodYellow; margin: 4px; border: 1px solid khaki"> (<a href="https://simplifier.net/resolve?scope=de.basisprofil.r4@1.4.0&amp;canonical=http://fhir.de/CodeSystem/bfarm/atc">Atc</a>#L01DB01)</span></p><p><b>subject</b>: <a href="https://simplifier.net/resolve?scope=de.basisprofil.r4@1.4.0&amp;canonical=http://fhir.org/packages/de.basisprofil.r4/Patient/example">Patient/example</a></p><p><b>effective</b>: 2020-01-06 10:20:00+0000 --&gt; 2020-01-06 11:20:00+0000</p><h3>Dosages</h3><table class="grid"><tr><td style="display: none">-</td><td><b>Route</b></td><td><b>Dose</b></td><td><b>Rate[x]</b></td></tr><tr><td style="display: none">*</td><td>Intravenous use <span style="background: LightGoldenRodYellow; margin: 4px; border: 1px solid khaki"> (standardterms.edqm.eu#20045000)</span></td><td>85 mg<span style="background: LightGoldenRodYellow"> (Details: UCUM code mg = 'mg')</span></td><td>250 milliliter<span style="background: LightGoldenRodYellow"> (Details: UCUM code mL = 'mL')</span>/1 hour<span style="background: LightGoldenRodYellow"> (Details: UCUM code h = 'h')</span></td></tr></table></div>
  </text>
  <status value="completed"/>
  <medicationCodeableConcept>
    <coding>
      <system value="http://fhir.de/CodeSystem/bfarm/atc"/>
      <code value="L01DB01"/>
      <display value="Doxorubicin"/>
    </coding>
  </medicationCodeableConcept>
  <subject>
    <reference value="Patient/example"/>
  </subject>
  <effectivePeriod>
    <start value="2020-01-06T10:20:00.000+00:00"/>
    <end value="2020-01-06T11:20:00.000+00:00"/>
  </effectivePeriod>
  <dosage>
    <route>
      <coding>
        <system value="http://standardterms.edqm.eu"/>
        <code value="20045000"/>
        <display value="Intravenous use"/>
      </coding>
    </route>
    <dose>
      <value value="85"/>
      <unit value="mg"/>
      <system value="http://unitsofmeasure.org"/>
      <code value="mg"/>
    </dose>
    <rateRatio>
      <numerator>
        <value value="250"/>
        <unit value="milliliter"/>
        <system value="http://unitsofmeasure.org"/>
        <code value="mL"/>
      </numerator>
      <denominator>
        <value value="1"/>
        <unit value="hour"/>
        <system value="http://unitsofmeasure.org"/>
        <code value="h"/>
      </denominator>
    </rateRatio>
  </dosage>
</MedicationAdministration>