<?xml version="1.0" encoding="UTF-8"?>

<Observation xmlns="http://hl7.org/fhir">
  <id value="example-karnofsky-performance-status"/>
  <meta>
    <profile value="https://www.vision-zero-oncology.de/fhir/StructureDefinition/karnofsky-performance-status"/>
  </meta>
  <text>
    <status value="generated"/><div xmlns="http://www.w3.org/1999/xhtml"><p><b>Generated Narrative: Observation</b><a name="example-karnofsky-performance-status"> </a></p><div style="display: inline-block; background-color: #d9e0e7; padding: 6px; margin: 4px; border: 1px solid #8da1b4; border-radius: 5px; line-height: 60%"><p style="margin-bottom: 0px">Resource Observation &quot;example-karnofsky-performance-status&quot; </p><p style="margin-bottom: 0px">Profile: <a href="StructureDefinition-karnofsky-performance-status.html">Profile Karnofsky Performance Status</a></p></div><p><b>status</b>: final</p><p><b>category</b>: Survey <span style="background: LightGoldenRodYellow; margin: 4px; border: 1px solid khaki"> (<a href="http://terminology.hl7.org/5.3.0/CodeSystem-observation-category.html">Observation Category Codes</a>#survey)</span></p><p><b>code</b>: Karnofsky Performance Status score <span style="background: LightGoldenRodYellow; margin: 4px; border: 1px solid khaki"> (<a href="https://loinc.org/">LOINC</a>#89243-0; <a href="https://browser.ihtsdotools.org/">SNOMED CT</a>#761869008 &quot;Karnofsky Performance Status score (observable entity)&quot;)</span></p><p><b>subject</b>: <a href="Patient-ExamplePatient.html">Patient/ExamplePatient</a> &quot; BACH&quot;</p><p><b>effective</b>: 2022-03-07</p><p><b>value</b>: Normal activity with effort; some signs or symptoms of disease <span style="background: LightGoldenRodYellow; margin: 4px; border: 1px solid khaki"> (<a href="https://loinc.org/">LOINC</a>#LA29177-5)</span></p></div>
  </text>
  <status value="final"/>
  <category>
    <coding>
      <system value="http://terminology.hl7.org/CodeSystem/observation-category"/>
      <code value="survey"/>
    </coding>
  </category>
  <code>
    <coding>
      <system value="http://loinc.org"/>
      <code value="89243-0"/>
      <display value="Karnofsky Performance Status score"/>
    </coding>
    <coding>
      <system value="http://snomed.info/sct"/>
      <code value="761869008"/>
      <display value="Karnofsky Performance Status score (observable entity)"/>
    </coding>
  </code>
  <subject>
    <reference value="Patient/ExamplePatient"/>
  </subject>
  <effectiveDateTime value="2022-03-07"/>
  <valueCodeableConcept>
    <coding>
      <system value="http://loinc.org"/>
      <code value="LA29177-5"/>
      <display value="Normal activity with effort; some signs or symptoms of disease"/>
    </coding>
  </valueCodeableConcept>
</Observation>