<?xml version="1.0" encoding="UTF-8"?>

<Observation xmlns="http://hl7.org/fhir">
  <id value="example-ecog-performance-status"/>
  <meta>
    <profile value="https://www.vision-zero-oncology.de/fhir/StructureDefinition/ecog-performance-status"/>
  </meta>
  <text>
    <status value="generated"/><div xmlns="http://www.w3.org/1999/xhtml"><p><b>Generated Narrative: Observation</b><a name="example-ecog-performance-status"> </a></p><div style="display: inline-block; background-color: #d9e0e7; padding: 6px; margin: 4px; border: 1px solid #8da1b4; border-radius: 5px; line-height: 60%"><p style="margin-bottom: 0px">Resource Observation &quot;example-ecog-performance-status&quot; </p><p style="margin-bottom: 0px">Profile: <a href="StructureDefinition-ecog-performance-status.html">Profile ECOG Performance Status</a></p></div><p><b>status</b>: final</p><p><b>category</b>: Survey <span style="background: LightGoldenRodYellow; margin: 4px; border: 1px solid khaki"> (<a href="http://terminology.hl7.org/5.0.0/CodeSystem-observation-category.html">Observation Category Codes</a>#survey)</span></p><p><b>code</b>: ECOG Performance Status score <span style="background: LightGoldenRodYellow; margin: 4px; border: 1px solid khaki"> (<a href="https://loinc.org/">LOINC</a>#89247-1; <a href="https://browser.ihtsdotools.org/">SNOMED CT</a>#423740007 &quot;Eastern Cooperative Oncology Group performance status (observable entity)&quot;)</span></p><p><b>subject</b>: <a href="Patient-ExamplePatient.html">Patient/ExamplePatient</a> &quot; BACH&quot;</p><p><b>effective</b>: 2022-03-07</p><p><b>value</b>: Restricted in physically strenuous activity but ambulatory and able to carry out work of a light or sedentary nature, e.g., light house work, office work <span style="background: LightGoldenRodYellow; margin: 4px; border: 1px solid khaki"> (<a href="https://loinc.org/">LOINC</a>#LA9623-5; <a href="https://browser.ihtsdotools.org/">SNOMED CT</a>#422512005 &quot;Eastern Cooperative Oncology Group performance status - grade 1 (finding)&quot;)</span></p></div>
  </text>
  <status value="final"/>
  <category>
    <coding>
      <system value="http://terminology.hl7.org/CodeSystem/observation-category"/>
      <code value="survey"/>
    </coding>
  </category>
  <code>
    <coding>
      <system value="http://loinc.org"/>
      <code value="89247-1"/>
      <display value="ECOG Performance Status score"/>
    </coding>
    <coding>
      <system value="http://snomed.info/sct"/>
      <code value="423740007"/>
      <display value="Eastern Cooperative Oncology Group performance status (observable entity)"/>
    </coding>
  </code>
  <subject>
    <reference value="Patient/ExamplePatient"/>
  </subject>
  <effectiveDateTime value="2022-03-07"/>
  <valueCodeableConcept>
    <coding>
      <system value="http://loinc.org"/>
      <code value="LA9623-5"/>
      <display value="Restricted in physically strenuous activity but ambulatory and able to carry out work of a light or sedentary nature, e.g., light house work, office work"/>
    </coding>
    <coding>
      <system value="http://snomed.info/sct"/>
      <code value="422512005"/>
      <display value="Eastern Cooperative Oncology Group performance status - grade 1 (finding)"/>
    </coding>
  </valueCodeableConcept>
</Observation>