<?xml version="1.0" encoding="UTF-8"?>

<Observation xmlns="http://hl7.org/fhir">
  <id value="example-tnm-rpT3mpN0icM0R1is"/>
  <meta>
    <profile value="https://www.vision-zero-oncology.de/fhir/StructureDefinition/uicc-tnm"/>
  </meta>
  <text>
    <status value="extensions"/><div xmlns="http://www.w3.org/1999/xhtml"><p><b>Generated Narrative: Observation</b><a name="example-tnm-rpT3mpN0icM0R1is"> </a></p><div style="display: inline-block; background-color: #d9e0e7; padding: 6px; margin: 4px; border: 1px solid #8da1b4; border-radius: 5px; line-height: 60%"><p style="margin-bottom: 0px">Resource Observation &quot;example-tnm-rpT3mpN0icM0R1is&quot; </p><p style="margin-bottom: 0px">Profile: <a href="StructureDefinition-uicc-tnm.html">Profile UICC TNM</a></p></div><p><b>status</b>: final</p><p><b>code</b>: International Union Against Cancer (tumor staging) <span style="background: LightGoldenRodYellow; margin: 4px; border: 1px solid khaki"> (<a href="https://browser.ihtsdotools.org/">SNOMED CT</a>#258235000; <a href="https://loinc.org/">LOINC</a>#21902-2 &quot;Stage group.pathology Cancer&quot;)</span></p><p><b>subject</b>: <a href="Patient-ExamplePatient.html">Patient/ExamplePatient</a> &quot; BACH&quot;</p><p><b>effective</b>: 2022-03-07</p><p><b>value</b>: Stage IIB <span style="background: LightGoldenRodYellow; margin: 4px; border: 1px solid khaki"> (unknown#IIB)</span></p><p><b>hasMember</b>: <a href="Observation-example-tnm-R1.html">Observation/example-tnm-R1</a></p><blockquote><p><b>component</b></p><p><b>code</b>: r - Tumor recurrence (tumor staging) <span style="background: LightGoldenRodYellow; margin: 4px; border: 1px solid khaki"> (<a href="https://browser.ihtsdotools.org/">SNOMED CT</a>#277647002)</span></p><p><b>value</b>: r <span style="background: LightGoldenRodYellow; margin: 4px; border: 1px solid khaki"> (unknown#r)</span></p></blockquote><blockquote><p><b>component</b></p><p><b>Extension UICC TNM Prefix CPU</b>: p <span style="background: LightGoldenRodYellow; margin: 4px; border: 1px solid khaki"> (unknown#p)</span></p><p><b>code</b>: Primary tumor.pathology Cancer <span style="background: LightGoldenRodYellow; margin: 4px; border: 1px solid khaki"> (<a href="https://loinc.org/">LOINC</a>#21899-0)</span></p><p><b>value</b>: T3 <span style="background: LightGoldenRodYellow; margin: 4px; border: 1px solid khaki"> (unknown#T3)</span></p></blockquote><blockquote><p><b>component</b></p><p><b>code</b>: m - Multiple tumors (tumor staging) <span style="background: LightGoldenRodYellow; margin: 4px; border: 1px solid khaki"> (<a href="https://browser.ihtsdotools.org/">SNOMED CT</a>#277650004)</span></p><p><b>value</b>: (m) <span style="background: LightGoldenRodYellow; margin: 4px; border: 1px solid khaki"> (unknown#m)</span></p></blockquote><blockquote><p><b>component</b></p><p><b>Extension UICC TNM Prefix CPU</b>: p <span style="background: LightGoldenRodYellow; margin: 4px; border: 1px solid khaki"> (unknown#p)</span></p><p><b>Extension UICC TNM Suffix ITC</b>: (i+) <span style="background: LightGoldenRodYellow; margin: 4px; border: 1px solid khaki"> (unknown#i+)</span></p><p><b>code</b>: Regional lymph nodes.pathology [Class] Cancer <span style="background: LightGoldenRodYellow; margin: 4px; border: 1px solid khaki"> (<a href="https://loinc.org/">LOINC</a>#21900-6)</span></p><p><b>value</b>: N0 <span style="background: LightGoldenRodYellow; margin: 4px; border: 1px solid khaki"> (unknown#N0)</span></p></blockquote><blockquote><p><b>component</b></p><p><b>Extension UICC TNM Prefix CPU</b>: c <span style="background: LightGoldenRodYellow; margin: 4px; border: 1px solid khaki"> (unknown#c)</span></p><p><b>code</b>: Distant metastases.clinical [Class] Cancer <span style="background: LightGoldenRodYellow; margin: 4px; border: 1px solid khaki"> (<a href="https://loinc.org/">LOINC</a>#21907-1)</span></p><p><b>value</b>: M0 <span style="background: LightGoldenRodYellow; margin: 4px; border: 1px solid khaki"> (unknown#M0)</span></p></blockquote></div>
  </text>
  <status value="final"/>
  <code>
    <coding>
      <system value="http://snomed.info/sct"/>
      <code value="258235000"/>
      <display value="International Union Against Cancer (tumor staging)"/>
    </coding>
    <coding>
      <system value="http://loinc.org"/>
      <code value="21902-2"/>
      <display value="Stage group.pathology Cancer"/>
    </coding>
  </code>
  <subject>
    <reference value="Patient/ExamplePatient"/>
  </subject>
  <effectiveDateTime value="2022-03-07"/>
  <valueCodeableConcept>
    <coding>
      <system value="urn:oid:2.16.840.1.113883.15.16"/>
      <code value="IIB"/>
      <display value="Stage IIB"/>
    </coding>
  </valueCodeableConcept>
  <hasMember>
    <reference value="Observation/example-tnm-R1"/>
  </hasMember>
  <component>
    <code>
      <coding>
        <system value="http://snomed.info/sct"/>
        <code value="277647002"/>
        <display value="r - Tumor recurrence (tumor staging)"/>
      </coding>
    </code>
    <valueCodeableConcept>
      <coding>
        <system value="urn:oid:2.16.840.1.113883.15.16"/>
        <code value="r"/>
        <display value="r"/>
      </coding>
    </valueCodeableConcept>
  </component>
  <component>
    <extension url="https://www.vision-zero-oncology.de/fhir/StructureDefinition/uicc-tnm-prefix-cpu">
      <valueCodeableConcept>
        <coding>
          <system value="urn:oid:2.16.840.1.113883.15.16"/>
          <code value="p"/>
          <display value="p"/>
        </coding>
      </valueCodeableConcept>
    </extension>
    <code>
      <coding>
        <system value="http://loinc.org"/>
        <code value="21899-0"/>
        <display value="Primary tumor.pathology Cancer"/>
      </coding>
    </code>
    <valueCodeableConcept>
      <coding>
        <system value="urn:oid:2.16.840.1.113883.15.16"/>
        <code value="T3"/>
        <display value="T3"/>
      </coding>
    </valueCodeableConcept>
  </component>
  <component>
    <code>
      <coding>
        <system value="http://snomed.info/sct"/>
        <code value="277650004"/>
        <display value="m - Multiple tumors (tumor staging)"/>
      </coding>
    </code>
    <valueCodeableConcept>
      <coding>
        <system value="urn:oid:2.16.840.1.113883.15.16"/>
        <code value="m"/>
        <display value="(m)"/>
      </coding>
    </valueCodeableConcept>
  </component>
  <component>
    <extension url="https://www.vision-zero-oncology.de/fhir/StructureDefinition/uicc-tnm-prefix-cpu">
      <valueCodeableConcept>
        <coding>
          <system value="urn:oid:2.16.840.1.113883.15.16"/>
          <code value="p"/>
          <display value="p"/>
        </coding>
      </valueCodeableConcept>
    </extension>
    <extension url="https://www.vision-zero-oncology.de/fhir/StructureDefinition/uicc-tnm-suffix-itc">
      <valueCodeableConcept>
        <coding>
          <system value="urn:oid:2.16.840.1.113883.15.16"/>
          <code value="i+"/>
          <display value="(i+)"/>
        </coding>
      </valueCodeableConcept>
    </extension>
    <code>
      <coding>
        <system value="http://loinc.org"/>
        <code value="21900-6"/>
        <display value="Regional lymph nodes.pathology [Class] Cancer"/>
      </coding>
    </code>
    <valueCodeableConcept>
      <coding>
        <system value="urn:oid:2.16.840.1.113883.15.16"/>
        <code value="N0"/>
        <display value="N0"/>
      </coding>
    </valueCodeableConcept>
  </component>
  <component>
    <extension url="https://www.vision-zero-oncology.de/fhir/StructureDefinition/uicc-tnm-prefix-cpu">
      <valueCodeableConcept>
        <coding>
          <system value="urn:oid:2.16.840.1.113883.15.16"/>
          <code value="c"/>
          <display value="c"/>
        </coding>
      </valueCodeableConcept>
    </extension>
    <code>
      <coding>
        <system value="http://loinc.org"/>
        <code value="21907-1"/>
        <display value="Distant metastases.clinical [Class] Cancer"/>
      </coding>
    </code>
    <valueCodeableConcept>
      <coding>
        <system value="urn:oid:2.16.840.1.113883.15.16"/>
        <code value="M0"/>
        <display value="M0"/>
      </coding>
    </valueCodeableConcept>
  </component>
</Observation>