<?xml version="1.0" encoding="UTF-8"?>

<Observation xmlns="http://hl7.org/fhir">
  <id value="example-tnm-R1"/>
  <meta>
    <profile value="https://www.vision-zero-oncology.de/fhir/StructureDefinition/uicc-tnm-r-classification"/>
  </meta>
  <text>
    <status value="generated"/><div xmlns="http://www.w3.org/1999/xhtml"><p><b>Generated Narrative: Observation</b><a name="example-tnm-R1"> </a></p><div style="display: inline-block; background-color: #d9e0e7; padding: 6px; margin: 4px; border: 1px solid #8da1b4; border-radius: 5px; line-height: 60%"><p style="margin-bottom: 0px">Resource Observation &quot;example-tnm-R1&quot; </p><p style="margin-bottom: 0px">Profile: <a href="StructureDefinition-uicc-tnm-r-classification.html">Profile UICC TNM Residual Tumor (R) Classification</a></p></div><p><b>status</b>: final</p><p><b>code</b>: Residual tumor classification [Type] in Cancer specimen <span style="background: LightGoldenRodYellow; margin: 4px; border: 1px solid khaki"> (<a href="https://loinc.org/">LOINC</a>#84892-9; <a href="https://browser.ihtsdotools.org/">SNOMED CT</a>#17964000 &quot;Residual tumor stage (observable entity)&quot;)</span></p><p><b>subject</b>: <a href="Patient-ExamplePatient.html">Patient/ExamplePatient</a> &quot; BACH&quot;</p><p><b>effective</b>: 2022-03-07</p><p><b>value</b>: R1 <span style="background: LightGoldenRodYellow; margin: 4px; border: 1px solid khaki"> (unknown#R1)</span></p></div>
  </text>
  <status value="final"/>
  <code>
    <coding>
      <system value="http://loinc.org"/>
      <code value="84892-9"/>
      <display value="Residual tumor classification [Type] in Cancer specimen"/>
    </coding>
    <coding>
      <system value="http://snomed.info/sct"/>
      <code value="17964000"/>
      <display value="Residual tumor stage (observable entity)"/>
    </coding>
  </code>
  <subject>
    <reference value="Patient/ExamplePatient"/>
  </subject>
  <effectiveDateTime value="2022-03-07"/>
  <valueCodeableConcept>
    <coding>
      <system value="urn:oid:2.16.840.1.113883.15.16"/>
      <code value="R1"/>
      <display value="R1"/>
    </coding>
  </valueCodeableConcept>
</Observation>