<?xml version="1.0" encoding="UTF-8"?>

<Observation xmlns="http://hl7.org/fhir">
  <id value="example-tnm-tisn0m0"/>
  <meta>
    <profile value="https://www.vision-zero-oncology.de/fhir/StructureDefinition/uicc-tnm"/>
  </meta>
  <text>
    <status value="generated"/><div xmlns="http://www.w3.org/1999/xhtml"><p><b>Generated Narrative</b></p><p></p><p><b>code</b>: <span title="Codes: {http://snomed.info/sct 258235000}, {http://loinc.org 21908-9}">International Union Against Cancer (tumor staging)</span></p><p><b>subject</b>: <a href="Patient-ExamplePatient.html">Generated Summary: active: true; Sebastian Bach (OFFICIAL); gender: male; birthDate: 1985-03-31</a></p><p><b>effective</b>: 2022-03-07</p><p><b>value</b>: <span title="Codes: {urn:oid:2.16.840.1.113883.15.16 0}">Stage 0</span></p><blockquote><p><b>component</b></p><p><b>code</b>: <span title="Codes: {http://loinc.org 21905-5}">Primary tumor.clinical [Class] Cancer</span></p><p><b>value</b>: <span title="Codes: {urn:oid:2.16.840.1.113883.15.16 Tis}">Tis</span></p></blockquote><blockquote><p><b>component</b></p><p><b>code</b>: <span title="Codes: {http://loinc.org 21906-3}">Regional lymph nodes.clinical [Class] Cancer</span></p><p><b>value</b>: <span title="Codes: {urn:oid:2.16.840.1.113883.15.16 N0}">N0</span></p></blockquote><blockquote><p><b>component</b></p><p><b>code</b>: <span title="Codes: {http://loinc.org 21907-1}">Distant metastases.clinical [Class] Cancer</span></p><p><b>value</b>: <span title="Codes: {urn:oid:2.16.840.1.113883.15.16 M0}">M0</span></p></blockquote></div>
  </text>
  <status value="final"/>
  <code>
    <coding>
      <system value="http://snomed.info/sct"/>
      <code value="258235000"/>
      <display value="International Union Against Cancer (tumor staging)"/>
    </coding>
    <coding>
      <system value="http://loinc.org"/>
      <code value="21908-9"/>
      <display value="Stage group.clinical Cancer"/>
    </coding>
  </code>
  <subject>
    <reference value="Patient/ExamplePatient"/>
  </subject>
  <effectiveDateTime value="2022-03-07"/>
  <valueCodeableConcept>
    <coding>
      <system value="urn:oid:2.16.840.1.113883.15.16"/>
      <code value="0"/>
      <display value="Stage 0"/>
    </coding>
  </valueCodeableConcept>
  <component>
    <code>
      <coding>
        <system value="http://loinc.org"/>
        <code value="21905-5"/>
        <display value="Primary tumor.clinical [Class] Cancer"/>
      </coding>
    </code>
    <valueCodeableConcept>
      <coding>
        <system value="urn:oid:2.16.840.1.113883.15.16"/>
        <code value="Tis"/>
        <display value="Tis"/>
      </coding>
    </valueCodeableConcept>
  </component>
  <component>
    <code>
      <coding>
        <system value="http://loinc.org"/>
        <code value="21906-3"/>
        <display value="Regional lymph nodes.clinical [Class] Cancer"/>
      </coding>
    </code>
    <valueCodeableConcept>
      <coding>
        <system value="urn:oid:2.16.840.1.113883.15.16"/>
        <code value="N0"/>
        <display value="N0"/>
      </coding>
    </valueCodeableConcept>
  </component>
  <component>
    <code>
      <coding>
        <system value="http://loinc.org"/>
        <code value="21907-1"/>
        <display value="Distant metastases.clinical [Class] Cancer"/>
      </coding>
    </code>
    <valueCodeableConcept>
      <coding>
        <system value="urn:oid:2.16.840.1.113883.15.16"/>
        <code value="M0"/>
        <display value="M0"/>
      </coding>
    </valueCodeableConcept>
  </component>
</Observation>