<?xml version="1.0" encoding="UTF-8"?>

<Observation xmlns="http://hl7.org/fhir">
  <id value="example-tnm-R1"/>
  <meta>
    <profile value="https://www.vision-zero-oncology.de/fhir/StructureDefinition/uicc-tnm-r-classification"/>
  </meta>
  <text>
    <status value="generated"/><div xmlns="http://www.w3.org/1999/xhtml"><p><b>Generated Narrative</b></p><p></p><p><b>code</b>: <span title="Codes: {http://loinc.org 84892-9}, {http://snomed.info/sct 17964000}">Residual tumor classification [Type] in Cancer specimen</span></p><p><b>subject</b>: <a href="Patient-ExamplePatient.html">Generated Summary: active: true; Sebastian Bach (OFFICIAL); gender: male; birthDate: 1985-03-31</a></p><p><b>effective</b>: 2022-03-07</p><p><b>value</b>: <span title="Codes: {urn:oid:2.16.840.1.113883.15.16 R1}">R1</span></p></div>
  </text>
  <status value="final"/>
  <code>
    <coding>
      <system value="http://loinc.org"/>
      <code value="84892-9"/>
      <display value="Residual tumor classification [Type] in Cancer specimen"/>
    </coding>
    <coding>
      <system value="http://snomed.info/sct"/>
      <code value="17964000"/>
      <display value="Residual tumor stage (observable entity)"/>
    </coding>
  </code>
  <subject>
    <reference value="Patient/ExamplePatient"/>
  </subject>
  <effectiveDateTime value="2022-03-07"/>
  <valueCodeableConcept>
    <coding>
      <system value="urn:oid:2.16.840.1.113883.15.16"/>
      <code value="R1"/>
      <display value="R1"/>
    </coding>
  </valueCodeableConcept>
</Observation>