<?xml version="1.0" encoding="UTF-8"?>

<ValueSet xmlns="http://hl7.org/fhir">
  <id value="vs-tnm-category-observation"/>
  <text>
    <status value="generated"/><div xmlns="http://www.w3.org/1999/xhtml">Placeholder</div>
  </text>
  <url value="https://www.vision-zero-oncology.de/fhir/ValueSet/vs-tnm-category-observation"/>
  <version value="0.1.0"/>
  <name value="VS_TNM_Category_Observation"/>
  <title value="Valueset for Categories of a BodyStructure in the context of one TNM procedure"/>
  <status value="draft"/>
  <date value="2023-09-27T08:44:59+00:00"/>
  <publisher value="Berlin Institute of Health at Charité (BIH)"/>
  <contact>
    <name value="Berlin Institute of Health at Charité (BIH)"/>
    <telecom>
      <system value="url"/>
      <value value="https://www.bihealth.org/"/>
    </telecom>
  </contact>
  <description value="This Valueset contains the coded for the different categories for BodyStructures in the context of TNM (Tumor|Node|Metastase)"/>
  <jurisdiction>
    <coding>
      <system value="urn:iso:std:iso:3166"/>
      <code value="DEU"/>
    </coding>
  </jurisdiction>
  <copyright value="CC-BY-SA-4.0"/>
  <compose>
    <include>
      <system value="http://loinc.org"/>
      <concept>
        <code value="21905-5"/>
        <display value="Primary tumor.clinical [Class] Cancer"/>
      </concept>
      <concept>
        <code value="21906-3"/>
        <display value="Regional lymph nodes.clinical [Class] Cancer"/>
      </concept>
      <concept>
        <code value="21907-1"/>
        <display value="Distant metastases.clinical [Class] Cancer"/>
      </concept>
    </include>
  </compose>
</ValueSet>