<?xml version="1.0" encoding="UTF-8"?>

<ValueSet xmlns="http://hl7.org/fhir">
  <id value="study-focus-ncit"/>
  <text>
    <status value="generated"/><div xmlns="http://www.w3.org/1999/xhtml"><ul><li>Include these codes as defined in <code>http://ncicb.nci.nih.gov/xml/owl/EVS/Thesaurus.owl</code><table class="none"><tr><td style="white-space:nowrap"><b>Code</b></td><td><b>Display</b></td></tr><tr><td>C1909</td><td>Pharmacologic Substance</td></tr><tr><td>C16830</td><td>Medical Device</td></tr><tr><td>C78523</td><td>Cosmetic</td></tr><tr><td>C1505</td><td>Dietary Supplement</td></tr></table></li></ul></div>
  </text>
  <url value="https://www.vision-zero-oncology.de/fhir/ValueSet/study-focus-ncit"/>
  <version value="0.1.0"/>
  <name value="VS_StudyFocus_NCIT"/>
  <title value="ValueSet Study Focus NCIt"/>
  <status value="active"/>
  <date value="2022-08-08T13:24:36+00:00"/>
  <publisher value="Berlin Institute of Health at Charité (BIH)"/>
  <contact>
    <name value="Berlin Institute of Health at Charité (BIH)"/>
    <telecom>
      <system value="url"/>
      <value value="https://www.bihealth.org/"/>
    </telecom>
  </contact>
  <description value="Study Focus aus NCI Thesaurus (NCIt)"/>
  <jurisdiction>
    <coding>
      <system value="urn:iso:std:iso:3166"/>
      <code value="DEU"/>
    </coding>
  </jurisdiction>
  <copyright value="NCI THESAURUS is a registered trademark of the National Cancer Institute."/>
  <compose>
    <include>
      <system value="http://ncicb.nci.nih.gov/xml/owl/EVS/Thesaurus.owl"/>
      <concept>
        <code value="C1909"/>
        <display value="Pharmacologic Substance"/>
      </concept>
      <concept>
        <code value="C16830"/>
        <display value="Medical Device"/>
      </concept>
      <concept>
        <code value="C78523"/>
        <display value="Cosmetic"/>
      </concept>
      <concept>
        <code value="C1505"/>
        <display value="Dietary Supplement"/>
      </concept>
    </include>
  </compose>
</ValueSet>