<?xml version="1.0" encoding="UTF-8"?>

<ValueSet xmlns="http://hl7.org/fhir">
  <id value="type-of-randomization-ncit"/>
  <text>
    <status value="generated"/><div xmlns="http://www.w3.org/1999/xhtml"><ul><li>Include these codes as defined in <a href="http://terminology.hl7.org/5.0.0/CodeSystem-v3-nciThesaurus.html"><code>http://ncicb.nci.nih.gov/xml/owl/EVS/Thesaurus.owl</code></a><table class="none"><tr><td style="white-space:nowrap"><b>Code</b></td><td><b>Display</b></td></tr><tr><td>C147126</td><td>Adaptive Randomization</td></tr><tr><td>C147127</td><td>Block Randomization</td></tr><tr><td>C147145</td><td>Stratified Randomization</td></tr><tr><td>C147143</td><td>Minimization Randomization</td></tr><tr><td>C186212</td><td>Re-randomized</td></tr><tr><td>C147144</td><td>Simple Randomization</td></tr><tr><td>C114209</td><td>Subject is Randomized</td></tr><tr><td>C142743</td><td>Unequal Randomization</td></tr></table></li></ul></div>
  </text>
  <url value="https://www.vision-zero-oncology.de/fhir/ValueSet/type-of-randomization-ncit"/>
  <version value="0.1.0"/>
  <name value="VS_TypeOfRandomization_NCIT"/>
  <title value="ValueSet Type of Randomization NCIt"/>
  <status value="draft"/>
  <date value="2023-04-03T13:27:14+00:00"/>
  <publisher value="Berlin Institute of Health at Charité (BIH)"/>
  <contact>
    <name value="Berlin Institute of Health at Charité (BIH)"/>
    <telecom>
      <system value="url"/>
      <value value="https://www.bihealth.org/"/>
    </telecom>
  </contact>
  <description value="Type of Randomization aus NCI Thesaurus (NCIt)"/>
  <jurisdiction>
    <coding>
      <system value="urn:iso:std:iso:3166"/>
      <code value="DEU"/>
    </coding>
  </jurisdiction>
  <copyright value="NCI THESAURUS is a registered trademark of the National Cancer Institute."/>
  <compose>
    <include>
      <system value="http://ncicb.nci.nih.gov/xml/owl/EVS/Thesaurus.owl"/>
      <concept>
        <code value="C147126"/>
        <display value="Adaptive Randomization"/>
      </concept>
      <concept>
        <code value="C147127"/>
        <display value="Block Randomization"/>
      </concept>
      <concept>
        <code value="C147145"/>
        <display value="Stratified Randomization"/>
      </concept>
      <concept>
        <code value="C147143"/>
        <display value="Minimization Randomization"/>
      </concept>
      <concept>
        <code value="C186212"/>
        <display value="Re-randomized"/>
      </concept>
      <concept>
        <code value="C147144"/>
        <display value="Simple Randomization"/>
      </concept>
      <concept>
        <code value="C114209"/>
        <display value="Subject is Randomized"/>
      </concept>
      <concept>
        <code value="C142743"/>
        <display value="Unequal Randomization"/>
      </concept>
    </include>
  </compose>
</ValueSet>