<?xml version="1.0" encoding="UTF-8"?>

<ValueSet xmlns="http://hl7.org/fhir">
  <id value="vs-tnm-t-category-uicc"/>
  <text>
    <status value="generated"/><div xmlns="http://www.w3.org/1999/xhtml"><ul><li>Include these codes as defined in <code>urn:oid:2.16.840.1.113883.15.16</code><table class="none"><tr><td style="white-space:nowrap"><b>Code</b></td><td><b>Display</b></td></tr><tr><td>TX</td><td>TX</td></tr><tr><td>T0</td><td>T0</td></tr><tr><td>Ta</td><td>Ta</td></tr><tr><td>Tis</td><td>Tis</td></tr><tr><td>Tis(LAMN)</td><td>Tis(LAMN)</td></tr><tr><td>Tis(DCIS)</td><td>Tis(DCIS)</td></tr><tr><td>Tis(LCIS)</td><td>Tis(LCIS)</td></tr><tr><td>Tis(Paget)</td><td>Tis(Paget)</td></tr><tr><td>Tis(pu)</td><td>Tis(pu)</td></tr><tr><td>Tis(pd)</td><td>Tis(pd)</td></tr><tr><td>T1</td><td>T1</td></tr><tr><td>T1mi</td><td>T1mi</td></tr><tr><td>T1a</td><td>T1a</td></tr><tr><td>T1a1</td><td>T1a1</td></tr><tr><td>T1a2</td><td>T1a2</td></tr><tr><td>T1b</td><td>T1b</td></tr><tr><td>T1b1</td><td>T1b1</td></tr><tr><td>T1b2</td><td>T1b2</td></tr><tr><td>T1c</td><td>T1c</td></tr><tr><td>T1c1</td><td>T1c1</td></tr><tr><td>T1c2</td><td>T1c2</td></tr><tr><td>T1c3</td><td>T1c3</td></tr><tr><td>T1d</td><td>T1d</td></tr><tr><td>T2</td><td>T2</td></tr><tr><td>T2a</td><td>T2a</td></tr><tr><td>T2a1</td><td>T2a1</td></tr><tr><td>T2a2</td><td>T2a2</td></tr><tr><td>T2b</td><td>T2b</td></tr><tr><td>T2c</td><td>T2c</td></tr><tr><td>T2d</td><td>T2d</td></tr><tr><td>T3</td><td>T3</td></tr><tr><td>T3a</td><td>T3a</td></tr><tr><td>T3b</td><td>T3b</td></tr><tr><td>T3c</td><td>T3c</td></tr><tr><td>T3d</td><td>T3d</td></tr><tr><td>T3e</td><td>T3e</td></tr><tr><td>T4</td><td>T4</td></tr><tr><td>T4a</td><td>T4a</td></tr><tr><td>T4b</td><td>T4b</td></tr><tr><td>T4c</td><td>T4c</td></tr><tr><td>T4d</td><td>T4d</td></tr><tr><td>T4e</td><td>T4e</td></tr></table></li></ul></div>
  </text>
  <url value="https://www.vision-zero-oncology.de/fhir/ValueSet/tnm-t-category-uicc"/>
  <version value="0.1.0"/>
  <name value="VS_TNM_T_Category_UICC"/>
  <title value="ValueSet TNM T Category UICC"/>
  <status value="active"/>
  <date value="2022-08-10T11:55:04+00:00"/>
  <publisher value="Berlin Institute of Health at Charité (BIH)"/>
  <contact>
    <name value="Berlin Institute of Health at Charité (BIH)"/>
    <telecom>
      <system value="url"/>
      <value value="https://www.bihealth.org/"/>
    </telecom>
  </contact>
  <description value="This ValueSet contains the TNM T category codes from TNM 8th edition UICC."/>
  <jurisdiction>
    <coding>
      <system value="urn:iso:std:iso:3166"/>
      <code value="DEU"/>
    </coding>
  </jurisdiction>
  <copyright value="CC-BY-SA-4.0"/>
  <compose>
    <include>
      <system value="urn:oid:2.16.840.1.113883.15.16"/>
      <concept>
        <code value="TX"/>
        <display value="TX"/>
      </concept>
      <concept>
        <code value="T0"/>
        <display value="T0"/>
      </concept>
      <concept>
        <code value="Ta"/>
        <display value="Ta"/>
      </concept>
      <concept>
        <code value="Tis"/>
        <display value="Tis"/>
      </concept>
      <concept>
        <code value="Tis(LAMN)"/>
        <display value="Tis(LAMN)"/>
      </concept>
      <concept>
        <code value="Tis(DCIS)"/>
        <display value="Tis(DCIS)"/>
      </concept>
      <concept>
        <code value="Tis(LCIS)"/>
        <display value="Tis(LCIS)"/>
      </concept>
      <concept>
        <code value="Tis(Paget)"/>
        <display value="Tis(Paget)"/>
      </concept>
      <concept>
        <code value="Tis(pu)"/>
        <display value="Tis(pu)"/>
      </concept>
      <concept>
        <code value="Tis(pd)"/>
        <display value="Tis(pd)"/>
      </concept>
      <concept>
        <code value="T1"/>
        <display value="T1"/>
      </concept>
      <concept>
        <code value="T1mi"/>
        <display value="T1mi"/>
      </concept>
      <concept>
        <code value="T1a"/>
        <display value="T1a"/>
      </concept>
      <concept>
        <code value="T1a1"/>
        <display value="T1a1"/>
      </concept>
      <concept>
        <code value="T1a2"/>
        <display value="T1a2"/>
      </concept>
      <concept>
        <code value="T1b"/>
        <display value="T1b"/>
      </concept>
      <concept>
        <code value="T1b1"/>
        <display value="T1b1"/>
      </concept>
      <concept>
        <code value="T1b2"/>
        <display value="T1b2"/>
      </concept>
      <concept>
        <code value="T1c"/>
        <display value="T1c"/>
      </concept>
      <concept>
        <code value="T1c1"/>
        <display value="T1c1"/>
      </concept>
      <concept>
        <code value="T1c2"/>
        <display value="T1c2"/>
      </concept>
      <concept>
        <code value="T1c3"/>
        <display value="T1c3"/>
      </concept>
      <concept>
        <code value="T1d"/>
        <display value="T1d"/>
      </concept>
      <concept>
        <code value="T2"/>
        <display value="T2"/>
      </concept>
      <concept>
        <code value="T2a"/>
        <display value="T2a"/>
      </concept>
      <concept>
        <code value="T2a1"/>
        <display value="T2a1"/>
      </concept>
      <concept>
        <code value="T2a2"/>
        <display value="T2a2"/>
      </concept>
      <concept>
        <code value="T2b"/>
        <display value="T2b"/>
      </concept>
      <concept>
        <code value="T2c"/>
        <display value="T2c"/>
      </concept>
      <concept>
        <code value="T2d"/>
        <display value="T2d"/>
      </concept>
      <concept>
        <code value="T3"/>
        <display value="T3"/>
      </concept>
      <concept>
        <code value="T3a"/>
        <display value="T3a"/>
      </concept>
      <concept>
        <code value="T3b"/>
        <display value="T3b"/>
      </concept>
      <concept>
        <code value="T3c"/>
        <display value="T3c"/>
      </concept>
      <concept>
        <code value="T3d"/>
        <display value="T3d"/>
      </concept>
      <concept>
        <code value="T3e"/>
        <display value="T3e"/>
      </concept>
      <concept>
        <code value="T4"/>
        <display value="T4"/>
      </concept>
      <concept>
        <code value="T4a"/>
        <display value="T4a"/>
      </concept>
      <concept>
        <code value="T4b"/>
        <display value="T4b"/>
      </concept>
      <concept>
        <code value="T4c"/>
        <display value="T4c"/>
      </concept>
      <concept>
        <code value="T4d"/>
        <display value="T4d"/>
      </concept>
      <concept>
        <code value="T4e"/>
        <display value="T4e"/>
      </concept>
    </include>
  </compose>
</ValueSet>