<?xml version="1.0" encoding="UTF-8"?>

<ValueSet xmlns="http://hl7.org/fhir">
  <id value="type-of-blinding-ncit"/>
  <text>
    <status value="generated"/><div xmlns="http://www.w3.org/1999/xhtml"><ul><li>Include these codes as defined in <code>http://ncicb.nci.nih.gov/xml/owl/EVS/Thesaurus.owl</code><table class="none"><tr><td style="white-space:nowrap"><b>Code</b></td><td><b>Display</b></td></tr><tr><td>C49659</td><td>Open Label Study</td></tr><tr><td>C28233</td><td>Single Blind Study</td></tr><tr><td>C15228</td><td>Double Blind Study</td></tr><tr><td>C66959</td><td>Triple Blind Study</td></tr><tr><td>C156592</td><td>Open Label for Treatment And Double Blind to Dose</td></tr></table></li></ul></div>
  </text>
  <url value="https://www.vision-zero-oncology.de/fhir/ValueSet/type-of-blinding-ncit"/>
  <version value="0.1.0"/>
  <name value="VS_TypeOfBlinding_NCIT"/>
  <title value="ValueSet Type of Blinding NCIt"/>
  <status value="active"/>
  <date value="2022-07-25T14:41:10+00:00"/>
  <publisher value="Berlin Institute of Health at Charité (BIH)"/>
  <contact>
    <name value="Berlin Institute of Health at Charité (BIH)"/>
    <telecom>
      <system value="url"/>
      <value value="https://www.bihealth.org/"/>
    </telecom>
  </contact>
  <description value="Type of Blinding aus NCI Thesaurus (NCIt)"/>
  <jurisdiction>
    <coding>
      <system value="urn:iso:std:iso:3166"/>
      <code value="DEU"/>
    </coding>
  </jurisdiction>
  <copyright value="NCI THESAURUS is a registered trademark of the National Cancer Institute."/>
  <compose>
    <include>
      <system value="http://ncicb.nci.nih.gov/xml/owl/EVS/Thesaurus.owl"/>
      <concept>
        <code value="C49659"/>
        <display value="Open Label Study"/>
      </concept>
      <concept>
        <code value="C28233"/>
        <display value="Single Blind Study"/>
      </concept>
      <concept>
        <code value="C15228"/>
        <display value="Double Blind Study"/>
      </concept>
      <concept>
        <code value="C66959"/>
        <display value="Triple Blind Study"/>
      </concept>
      <concept>
        <code value="C156592"/>
        <display value="Open Label for Treatment And Double Blind to Dose"/>
      </concept>
    </include>
  </compose>
</ValueSet>