<?xml version="1.0" encoding="UTF-8"?>

<ValueSet xmlns="http://hl7.org/fhir">
  <id value="vs-recist-radiological-read-procedure"/>
  <text>
    <status value="generated"/><div xmlns="http://www.w3.org/1999/xhtml"><ul><li>Include these codes as defined in <a href="http://www.snomed.org/"><code>http://snomed.info/sct</code></a><table class="none"><tr><td style="white-space:nowrap"><b>Code</b></td><td><b>Display</b></td></tr><tr><td><a href="http://snomed.info/id/103337004">103337004</a></td><td>In partial remission</td></tr></table></li></ul></div>
  </text>
  <url value="https://www.vision-zero-oncology.de/fhir/ValueSet/vs_recist_radiological_read_procedure"/>
  <version value="0.1.0"/>
  <name value="VS_RECIST_Radiological_Read_Procedures"/>
  <title value="Valueset for RECIST Radiological Read Procedures"/>
  <status value="draft"/>
  <date value="2023-12-13T13:28:13+00:00"/>
  <publisher value="Berlin Institute of Health at Charité (BIH)"/>
  <contact>
    <name value="Berlin Institute of Health at Charité (BIH)"/>
    <telecom>
      <system value="url"/>
      <value value="https://www.bihealth.org/"/>
    </telecom>
  </contact>
  <description value="TODO"/>
  <jurisdiction>
    <coding>
      <system value="urn:iso:std:iso:3166"/>
      <code value="DEU"/>
    </coding>
  </jurisdiction>
  <copyright value="CC-BY-SA-4.0"/>
  <compose>
    <include>
      <system value="http://snomed.info/sct"/>
      <concept>
        <code value="103337004"/>
        <display value="In partial remission"/>
      </concept>
    </include>
  </compose>
</ValueSet>