<?xml version="1.0" encoding="UTF-8"?>

<ValueSet xmlns="http://hl7.org/fhir">
  <id value="tumor-size-units"/>
  <text>
    <status value="generated"/><div xmlns="http://www.w3.org/1999/xhtml">Placeholder</div>
  </text>
  <url value="https://www.vision-zero-oncology.de/fhir/ValueSet/tumor-size-units"/>
  <version value="0.1.0"/>
  <name value="VS_Tumor_Size_Units"/>
  <title value="ValueSet Tumor Size Units"/>
  <status value="draft"/>
  <date value="2023-09-27T08:44:59+00:00"/>
  <publisher value="Berlin Institute of Health at Charité (BIH)"/>
  <contact>
    <name value="Berlin Institute of Health at Charité (BIH)"/>
    <telecom>
      <system value="url"/>
      <value value="https://www.bihealth.org/"/>
    </telecom>
  </contact>
  <description value="Acceptable units for measuring tumor size"/>
  <jurisdiction>
    <coding>
      <system value="urn:iso:std:iso:3166"/>
      <code value="DEU"/>
    </coding>
  </jurisdiction>
  <copyright value="CC-BY-SA-4.0"/>
  <compose>
    <include>
      <system value="http://unitsofmeasure.org"/>
      <concept>
        <code value="mm"/>
        <display value="Millimeter"/>
      </concept>
      <concept>
        <code value="cm"/>
        <display value="Centimeter"/>
      </concept>
    </include>
  </compose>
</ValueSet>