<?xml version="1.0" encoding="UTF-8"?>

<ValueSet xmlns="http://hl7.org/fhir">
  <id value="vs-tnm-v-venous-invasion-uicc"/>
  <text>
    <status value="generated"/><div xmlns="http://www.w3.org/1999/xhtml"><ul><li>Include these codes as defined in <code>urn:oid:2.16.840.1.113883.15.16</code><table class="none"><tr><td style="white-space:nowrap"><b>Code</b></td><td><b>Display</b></td></tr><tr><td>V0</td><td>V0</td></tr><tr><td>V1</td><td>V1</td></tr><tr><td>V2</td><td>V2</td></tr><tr><td>VX</td><td>VX</td></tr></table></li></ul></div>
  </text>
  <url value="https://www.vision-zero-oncology.de/fhir/ValueSet/tnm-v-venous-invasion-uicc"/>
  <version value="0.1.0"/>
  <name value="VS_TNM_V_Venous_Invasion_UICC"/>
  <title value="ValueSet TNM V-Descriptor Venous Invasion UICC"/>
  <status value="active"/>
  <date value="2022-07-25T14:21:42+00:00"/>
  <publisher value="Berlin Institute of Health at Charité (BIH)"/>
  <contact>
    <name value="Berlin Institute of Health at Charité (BIH)"/>
    <telecom>
      <system value="url"/>
      <value value="https://www.bihealth.org/"/>
    </telecom>
  </contact>
  <description value="This ValueSet contains the TNM degree of venous invasion codes used with the V-descriptor from TNM 8th edition UICC."/>
  <jurisdiction>
    <coding>
      <system value="urn:iso:std:iso:3166"/>
      <code value="DEU"/>
    </coding>
  </jurisdiction>
  <copyright value="CC-BY-SA-4.0"/>
  <compose>
    <include>
      <system value="urn:oid:2.16.840.1.113883.15.16"/>
      <concept>
        <code value="V0"/>
        <display value="V0"/>
      </concept>
      <concept>
        <code value="V1"/>
        <display value="V1"/>
      </concept>
      <concept>
        <code value="V2"/>
        <display value="V2"/>
      </concept>
      <concept>
        <code value="VX"/>
        <display value="VX"/>
      </concept>
    </include>
  </compose>
</ValueSet>