<?xml version="1.0" encoding="UTF-8"?>

<ValueSet xmlns="http://hl7.org/fhir">
  <id value="recist-asstimepoint-response-vs"/>
  <text>
    <status value="generated"/><div xmlns="http://www.w3.org/1999/xhtml"><ul><li>Include these codes as defined in <code>http://radlex.org/RID</code><table class="none"><tr><td style="white-space:nowrap"><b>Code</b></td><td><b>Display</b></td></tr><tr><td>11514</td><td>stable disease</td></tr><tr><td>11513</td><td>partial response</td></tr><tr><td>11511</td><td>complete imaging response</td></tr><tr><td>11515</td><td>progressive disease</td></tr></table></li></ul></div>
  </text>
  <url value="https://www.vision-zero-oncology.de/fhir/ValueSet/recist-asstimepoint-response-vs"/>
  <version value="0.1.0"/>
  <name value="RecistAssessmentTimepointResponseVS"/>
  <title value="recist-timepoint-response-vs"/>
  <status value="active"/>
  <date value="2022-07-25T14:41:10+00:00"/>
  <publisher value="Berlin Institute of Health at Charité (BIH)"/>
  <contact>
    <name value="Berlin Institute of Health at Charité (BIH)"/>
    <telecom>
      <system value="url"/>
      <value value="https://www.bihealth.org/"/>
    </telecom>
  </contact>
  <description value="Defines the valid values for the recist assessment response observation resource"/>
  <jurisdiction>
    <coding>
      <system value="urn:iso:std:iso:3166"/>
      <code value="DEU"/>
    </coding>
  </jurisdiction>
  <copyright value="CC-BY-SA-4.0"/>
  <compose>
    <include>
      <system value="http://radlex.org/RID"/>
      <concept>
        <code value="11514"/>
        <display value="stable disease"/>
      </concept>
      <concept>
        <code value="11513"/>
        <display value="partial response"/>
      </concept>
      <concept>
        <code value="11511"/>
        <display value="complete imaging response"/>
      </concept>
      <concept>
        <code value="11515"/>
        <display value="progressive disease"/>
      </concept>
    </include>
  </compose>
</ValueSet>