<?xml version="1.0" encoding="UTF-8"?>

<ValueSet xmlns="http://hl7.org/fhir">
  <id value="vs-tnm-prefix-cpu-uicc"/>
  <text>
    <status value="generated"/><div xmlns="http://www.w3.org/1999/xhtml"><ul><li>Include these codes as defined in <code>urn:oid:2.16.840.1.113883.15.16</code><table class="none"><tr><td style="white-space:nowrap"><b>Code</b></td><td><b>Display</b></td></tr><tr><td>c</td><td>c</td></tr><tr><td>p</td><td>p</td></tr><tr><td>u</td><td>u</td></tr></table></li></ul></div>
  </text>
  <url value="https://www.vision-zero-oncology.de/fhir/ValueSet/tnm-prefix-cpu-uicc"/>
  <version value="0.1.0"/>
  <name value="VS_TNM_Prefix_CPU_UICC"/>
  <title value="ValueSet TNM Prefix CPU UICC"/>
  <status value="active"/>
  <date value="2022-08-01T09:41:51+00:00"/>
  <publisher value="Berlin Institute of Health at Charité (BIH)"/>
  <contact>
    <name value="Berlin Institute of Health at Charité (BIH)"/>
    <telecom>
      <system value="url"/>
      <value value="https://www.bihealth.org/"/>
    </telecom>
  </contact>
  <description value="This ValueSet contains the c, p and u prefixes for TNM stages from TNM 8th edition UICC."/>
  <jurisdiction>
    <coding>
      <system value="urn:iso:std:iso:3166"/>
      <code value="DEU"/>
    </coding>
  </jurisdiction>
  <copyright value="CC-BY-SA-4.0"/>
  <compose>
    <include>
      <system value="urn:oid:2.16.840.1.113883.15.16"/>
      <concept>
        <code value="c"/>
        <display value="c"/>
      </concept>
      <concept>
        <code value="p"/>
        <display value="p"/>
      </concept>
      <concept>
        <code value="u"/>
        <display value="u"/>
      </concept>
    </include>
  </compose>
</ValueSet>