<?xml version="1.0" encoding="UTF-8"?>

<ValueSet xmlns="http://hl7.org/fhir">
  <id value="studiendesign-ncit"/>
  <text>
    <status value="generated"/><div xmlns="http://www.w3.org/1999/xhtml"><ul><li>Include these codes as defined in <code>http://ncicb.nci.nih.gov/xml/owl/EVS/Thesaurus.owl</code><table class="none"><tr><td style="white-space:nowrap"><b>Code</b></td><td><b>Display</b></td></tr><tr><td>C15197</td><td>Case-Control Study</td></tr><tr><td>C15208</td><td>Cohort Study</td></tr><tr><td>C53310</td><td>Cross-Sectional Study</td></tr><tr><td>C46079</td><td>Randomized Controlled Clinical Trial</td></tr><tr><td>C93043</td><td>Nonrandomized Clinical Trial</td></tr><tr><td>C53312</td><td>Retrospective Study</td></tr><tr><td>C142646</td><td>Prospective Study</td></tr></table></li></ul></div>
  </text>
  <url value="https://www.vision-zero-oncology.de/fhir/ValueSet/studiendesign-ncit"/>
  <version value="0.1.0"/>
  <name value="VS_Studiendesign_NCIT"/>
  <title value="ValueSet Studiendesign NCIt"/>
  <status value="active"/>
  <date value="2022-09-08T11:37:37+00:00"/>
  <publisher value="Berlin Institute of Health at Charité (BIH)"/>
  <contact>
    <name value="Berlin Institute of Health at Charité (BIH)"/>
    <telecom>
      <system value="url"/>
      <value value="https://www.bihealth.org/"/>
    </telecom>
  </contact>
  <description value="Studiendesign aus NCI Thesaurus (NCIt)"/>
  <jurisdiction>
    <coding>
      <system value="urn:iso:std:iso:3166"/>
      <code value="DEU"/>
    </coding>
  </jurisdiction>
  <copyright value="NCI THESAURUS is a registered trademark of the National Cancer Institute."/>
  <compose>
    <include>
      <system value="http://ncicb.nci.nih.gov/xml/owl/EVS/Thesaurus.owl"/>
      <concept>
        <code value="C15197"/>
        <display value="Case-Control Study"/>
      </concept>
      <concept>
        <code value="C15208"/>
        <display value="Cohort Study"/>
      </concept>
      <concept>
        <code value="C53310"/>
        <display value="Cross-Sectional Study"/>
      </concept>
      <concept>
        <code value="C46079"/>
        <display value="Randomized Controlled Clinical Trial"/>
      </concept>
      <concept>
        <code value="C93043"/>
        <display value="Nonrandomized Clinical Trial"/>
      </concept>
      <concept>
        <code value="C53312"/>
        <display value="Retrospective Study"/>
      </concept>
      <concept>
        <code value="C142646"/>
        <display value="Prospective Study"/>
      </concept>
    </include>
  </compose>
</ValueSet>