<?xml version="1.0" encoding="UTF-8"?>

<ValueSet xmlns="http://hl7.org/fhir">
  <id value="type-of-blinding-ncit"/>
  <text>
    <status value="generated"/><div xmlns="http://www.w3.org/1999/xhtml">Placeholder</div>
  </text>
  <url value="https://www.vision-zero-oncology.de/fhir/ValueSet/type-of-blinding-ncit"/>
  <version value="0.1.0"/>
  <name value="VS_TypeOfBlinding_NCIT"/>
  <title value="ValueSet Type of Blinding NCIt"/>
  <status value="draft"/>
  <experimental value="false"/>
  <date value="2023-09-27T08:44:59+00:00"/>
  <publisher value="Berlin Institute of Health at Charité (BIH)"/>
  <contact>
    <name value="Berlin Institute of Health at Charité (BIH)"/>
    <telecom>
      <system value="url"/>
      <value value="https://www.bihealth.org/"/>
    </telecom>
  </contact>
  <description value="Type of Blinding aus NCI Thesaurus (NCIt)"/>
  <jurisdiction>
    <coding>
      <system value="urn:iso:std:iso:3166"/>
      <code value="DEU"/>
    </coding>
  </jurisdiction>
  <copyright value="NCI THESAURUS is a registered trademark of the National Cancer Institute."/>
  <compose>
    <include>
      <system value="http://ncicb.nci.nih.gov/xml/owl/EVS/Thesaurus.owl"/>
      <concept>
        <code value="C49659"/>
        <display value="Open Label Study"/>
      </concept>
      <concept>
        <code value="C28233"/>
        <display value="Single Blind Study"/>
      </concept>
      <concept>
        <code value="C15228"/>
        <display value="Double Blind Study"/>
      </concept>
      <concept>
        <code value="C66959"/>
        <display value="Triple Blind Study"/>
      </concept>
      <concept>
        <code value="C156592"/>
        <display value="Open Label for Treatment And Double Blind to Dose"/>
      </concept>
    </include>
  </compose>
</ValueSet>