<?xml version="1.0" encoding="UTF-8"?><ImplementationGuide xmlns="http://hl7.org/fhir"><id value="gold"/><text><status value="extensions"/><div xmlns="http://www.w3.org/1999/xhtml"><h2>GOLD</h2><p>The official URL for this implementation guide is: </p><pre>https://www.vision-zero-oncology.de/fhir/ImplementationGuide/gold</pre><div><p>Implementation Guide German Oncological Data Standard (GOLD)</p>
</div></div></text><url value="https://www.vision-zero-oncology.de/fhir/ImplementationGuide/gold"/><version value="0.1.0"/><name value="GOLD"/><title value="German Oncological Data Standard (GOLD)"/><status value="draft"/><date value="2022-03-28"/><publisher value="Berlin Institute of Health at Charité (BIH)"/><contact><name value="Berlin Institute of Health at Charité (BIH)"/><telecom><system value="url"/><value value="https://www.bihealth.org/"/></telecom></contact><description value="Implementation Guide German Oncological Data Standard (GOLD)"/><jurisdiction><coding><system value="urn:iso:std:iso:3166"/><code value="DEU"/></coding></jurisdiction><copyright value="CC-BY-SA-4.0"/><packageId value="gold"/><license value="CC-BY-SA-4.0"/><fhirVersion value="4.0.1"/><dependsOn id="de_basisprofil_r4"><uri value="http://fhir.org/packages/de.basisprofil.r4/ImplementationGuide/de.basisprofil.r4"/><packageId value="de.basisprofil.r4"/><version value="1.3.1"/></dependsOn><definition><extension url="http://hl7.org/fhir/tools/StructureDefinition/ig-parameter"><extension url="code"><valueString value="copyrightyear"/></extension><extension url="value"><valueString value="2021+"/></extension></extension><extension url="http://hl7.org/fhir/tools/StructureDefinition/ig-parameter"><extension url="code"><valueString value="releaselabel"/></extension><extension url="value"><valueString value="CI Build"/></extension></extension><extension url="http://hl7.org/fhir/tools/StructureDefinition/ig-parameter"><extension url="code"><valueString value="path-liquid"/></extension><extension url="value"><valueString value="template/liquid"/></extension></extension><extension url="http://hl7.org/fhir/tools/StructureDefinition/ig-parameter"><extension url="code"><valueString value="path-liquid"/></extension><extension url="value"><valueString value="input/liquid"/></extension></extension><extension url="http://hl7.org/fhir/tools/StructureDefinition/ig-parameter"><extension url="code"><valueString value="path-qa"/></extension><extension url="value"><valueString value="temp/qa"/></extension></extension><extension url="http://hl7.org/fhir/tools/StructureDefinition/ig-parameter"><extension url="code"><valueString value="path-temp"/></extension><extension url="value"><valueString value="temp/pages"/></extension></extension><extension url="http://hl7.org/fhir/tools/StructureDefinition/ig-parameter"><extension url="code"><valueString value="path-output"/></extension><extension url="value"><valueString value="output"/></extension></extension><extension url="http://hl7.org/fhir/tools/StructureDefinition/ig-parameter"><extension url="code"><valueString value="path-suppressed-warnings"/></extension><extension url="value"><valueString value="input/ignoreWarnings.txt"/></extension></extension><extension url="http://hl7.org/fhir/tools/StructureDefinition/ig-parameter"><extension url="code"><valueString value="path-history"/></extension><extension url="value"><valueString value="https://www.vision-zero-oncology.de/fhir/history.html"/></extension></extension><extension url="http://hl7.org/fhir/tools/StructureDefinition/ig-parameter"><extension url="code"><valueString value="template-html"/></extension><extension url="value"><valueString value="template-page.html"/></extension></extension><extension url="http://hl7.org/fhir/tools/StructureDefinition/ig-parameter"><extension url="code"><valueString value="template-md"/></extension><extension url="value"><valueString value="template-page-md.html"/></extension></extension><extension url="http://hl7.org/fhir/tools/StructureDefinition/ig-parameter"><extension url="code"><valueString value="apply-contact"/></extension><extension url="value"><valueString value="true"/></extension></extension><extension url="http://hl7.org/fhir/tools/StructureDefinition/ig-parameter"><extension url="code"><valueString value="apply-context"/></extension><extension url="value"><valueString value="true"/></extension></extension><extension url="http://hl7.org/fhir/tools/StructureDefinition/ig-parameter"><extension url="code"><valueString value="apply-copyright"/></extension><extension url="value"><valueString value="true"/></extension></extension><extension url="http://hl7.org/fhir/tools/StructureDefinition/ig-parameter"><extension url="code"><valueString value="apply-jurisdiction"/></extension><extension url="value"><valueString value="true"/></extension></extension><extension url="http://hl7.org/fhir/tools/StructureDefinition/ig-parameter"><extension url="code"><valueString value="apply-license"/></extension><extension url="value"><valueString value="true"/></extension></extension><extension url="http://hl7.org/fhir/tools/StructureDefinition/ig-parameter"><extension url="code"><valueString value="apply-publisher"/></extension><extension url="value"><valueString value="true"/></extension></extension><extension url="http://hl7.org/fhir/tools/StructureDefinition/ig-parameter"><extension url="code"><valueString value="apply-version"/></extension><extension url="value"><valueString value="true"/></extension></extension><extension url="http://hl7.org/fhir/tools/StructureDefinition/ig-parameter"><extension url="code"><valueString value="active-tables"/></extension><extension url="value"><valueString value="true"/></extension></extension><extension url="http://hl7.org/fhir/tools/StructureDefinition/ig-parameter"><extension url="code"><valueString value="fmm-definition"/></extension><extension url="value"><valueString value="http://hl7.org/fhir/versions.html#maturity"/></extension></extension><extension url="http://hl7.org/fhir/tools/StructureDefinition/ig-parameter"><extension url="code"><valueString value="propagate-status"/></extension><extension url="value"><valueString value="true"/></extension></extension><extension url="http://hl7.org/fhir/tools/StructureDefinition/ig-parameter"><extension url="code"><valueString value="excludelogbinaryformat"/></extension><extension url="value"><valueString value="true"/></extension></extension><grouping id="-str-profile"><name value="Structures: Resource Profiles"/><description value="These define constraints on FHIR resources for systems conforming to this implementation guide"/></grouping><grouping id="-str-extension"><name value="Structures: Extension Definitions"/><description value="These define constraints on FHIR data types for systems conforming to this implementation guide"/></grouping><grouping id="-term-valueset"><name value="Terminology: Value Sets"/><description value="These define sets of codes used by systems conforming to this implementation guide"/></grouping><grouping id="-ex-example"><name value="Example: Example Instances"/><description value="These are example instances that show what data produced and consumed by systems conforming with this implementation guide might look like"/></grouping><resource><extension url="http://hl7.org/fhir/StructureDefinition/implementationguide-page"><valueUri value="StructureDefinition-body-height.html"/></extension><reference><reference value="StructureDefinition/body-height"/></reference><name value="Profile Body Height"/><description value="Profile for body height of a patient"/><exampleBoolean value="false"/><groupingId value="-str-profile"/></resource><resource><extension url="http://hl7.org/fhir/StructureDefinition/implementationguide-page"><valueUri value="StructureDefinition-body-weight.html"/></extension><reference><reference value="StructureDefinition/body-weight"/></reference><name value="Profile Body Weight"/><description value="Profile for body weight of a patient"/><exampleBoolean value="false"/><groupingId value="-str-profile"/></resource><resource><extension url="http://hl7.org/fhir/StructureDefinition/implementationguide-page"><valueUri value="StructureDefinition-ecog-performance-status.html"/></extension><reference><reference value="StructureDefinition/ecog-performance-status"/></reference><name value="Profile ECOG Performance Status"/><description value="Profile for the Eastern Cooperative Oncology Group (ECOG) Performance Status that represents a cancer patient&#39;s functional status."/><exampleBoolean value="false"/><groupingId value="-str-profile"/></resource><resource><extension url="http://hl7.org/fhir/StructureDefinition/implementationguide-page"><valueUri value="StructureDefinition-histology-topography.html"/></extension><reference><reference value="StructureDefinition/histology-topography"/></reference><name value="Profile Histology Topography"/><description value="Profile for the classification of a tumor&#39;s morphology(histology) and topography using ICD-O-3."/><exampleBoolean value="false"/><groupingId value="-str-profile"/></resource><resource><extension url="http://hl7.org/fhir/StructureDefinition/implementationguide-page"><valueUri value="StructureDefinition-histopathological-grading-who.html"/></extension><reference><reference value="StructureDefinition/histopathological-grading-who"/></reference><name value="Profile Histopathological Tumor Grading WHO"/><description value="Profile for the description of a tumor&#39;s grade using the general four-tier grading scheme following the recommendations of the WHO classification of tumors and UICC."/><exampleBoolean value="false"/><groupingId value="-str-profile"/></resource><resource><extension url="http://hl7.org/fhir/StructureDefinition/implementationguide-page"><valueUri value="StructureDefinition-karnofsky-performance-status.html"/></extension><reference><reference value="StructureDefinition/karnofsky-performance-status"/></reference><name value="Profile Karnofsky Performance Status"/><description value="Profile for the Karnofsky Performance Status to measure a cancer patient&#39;s ability to perform ordinary tasks."/><exampleBoolean value="false"/><groupingId value="-str-profile"/></resource><resource><extension url="http://hl7.org/fhir/StructureDefinition/implementationguide-page"><valueUri value="StructureDefinition-uicc-tnm.html"/></extension><reference><reference value="StructureDefinition/uicc-tnm"/></reference><name value="Profile UICC TNM"/><description value="Profile for the tumor classification using TNM stage groups (I, II, III, or IV) and TNM staging elements (T, N, and M)."/><exampleBoolean value="false"/><groupingId value="-str-profile"/></resource><resource><extension url="http://hl7.org/fhir/StructureDefinition/implementationguide-page"><valueUri value="StructureDefinition-uicc-tnm-r-classification.html"/></extension><reference><reference value="StructureDefinition/uicc-tnm-r-classification"/></reference><name value="Profile UICC TNM Residual Tumor (R) Classification"/><description value="Profile for the residual tumor (R) classification as part of TNM."/><exampleBoolean value="false"/><groupingId value="-str-profile"/></resource><resource><extension url="http://hl7.org/fhir/StructureDefinition/implementationguide-page"><valueUri value="StructureDefinition-vital-signs-base.html"/></extension><reference><reference value="StructureDefinition/vital-signs-base"/></reference><name value="Profile Vital Signs Base"/><description value="Profile for the base definition of all vital signs. May not be used directly. Only for reprofiling purposes."/><exampleBoolean value="false"/><groupingId value="-str-profile"/></resource><resource><extension url="http://hl7.org/fhir/StructureDefinition/implementationguide-page"><valueUri value="StructureDefinition-uicc-tnm-prefix-cpu.html"/></extension><reference><reference value="StructureDefinition/uicc-tnm-prefix-cpu"/></reference><name value="Extension UICC TNM Prefix CPU"/><description value="The Extension allows to add c, p and u prefixes to TNM stages."/><exampleBoolean value="false"/><groupingId value="-str-extension"/></resource><resource><extension url="http://hl7.org/fhir/StructureDefinition/implementationguide-page"><valueUri value="StructureDefinition-uicc-tnm-suffix-itc.html"/></extension><reference><reference value="StructureDefinition/uicc-tnm-suffix-itc"/></reference><name value="Extension UICC TNM Suffix ITC"/><description value="The Extension allows to add isolated tumor cells (ITC) suffixes to the N- and M-categories in TNM."/><exampleBoolean value="false"/><groupingId value="-str-extension"/></resource><resource><extension url="http://hl7.org/fhir/StructureDefinition/implementationguide-page"><valueUri value="StructureDefinition-uicc-tnm-suffix-itc-sn.html"/></extension><reference><reference value="StructureDefinition/uicc-tnm-suffix-itc-sn"/></reference><name value="Extension UICC TNM Suffix ITC SN"/><description value="The Extension allows to add isolated tumor cells (ITC) sentinel lymph nodes (sn) suffix to the N-category in TNM."/><exampleBoolean value="false"/><groupingId value="-str-extension"/></resource><resource><extension url="http://hl7.org/fhir/StructureDefinition/implementationguide-page"><valueUri value="ValueSet-vs-ecog-performance-status-snomed.html"/></extension><reference><reference value="ValueSet/vs-ecog-performance-status-snomed"/></reference><name value="ValueSet ECOG Performance Status SNOMED"/><description value="The ValueSet contains the ECOG Performance Status values from SNOMED CT."/><exampleBoolean value="false"/><groupingId value="-term-valueset"/></resource><resource><extension url="http://hl7.org/fhir/StructureDefinition/implementationguide-page"><valueUri value="ValueSet-vs-histopathological-grade-snomed.html"/></extension><reference><reference value="ValueSet/vs-histopathological-grade-snomed"/></reference><name value="ValueSet Histologic Grade SNOMED"/><description value="The ValueSet contains codes for the tumor grading system following the recommendations of the WHO Classification of Tumors from SNOMED CT."/><exampleBoolean value="false"/><groupingId value="-term-valueset"/></resource><resource><extension url="http://hl7.org/fhir/StructureDefinition/implementationguide-page"><valueUri value="ValueSet-vs-morphology-icd-o-3.html"/></extension><reference><reference value="ValueSet/vs-morphology-icd-o-3"/></reference><name value="ValueSet Morphology ICD-O-3"/><description value="The ValueSet contains the morphology (histology) codes from ICD-O-3."/><exampleBoolean value="false"/><groupingId value="-term-valueset"/></resource><resource><extension url="http://hl7.org/fhir/StructureDefinition/implementationguide-page"><valueUri value="ValueSet-vs-morphology-snomed.html"/></extension><reference><reference value="ValueSet/vs-morphology-snomed"/></reference><name value="ValueSet Morphology SNOMED"/><description value="The ValueSet contains the morphology (histology) codes from SNOMED CT."/><exampleBoolean value="false"/><groupingId value="-term-valueset"/></resource><resource><extension url="http://hl7.org/fhir/StructureDefinition/implementationguide-page"><valueUri value="ValueSet-vs-tnm-classification-type-loinc.html"/></extension><reference><reference value="ValueSet/vs-tnm-classification-type-loinc"/></reference><name value="ValueSet TNM Classification Type LOINC"/><description value="This ValueSet contains codes to specifiy the type of TNM classification as clinical (cTNM) or pathological (pTNM)."/><exampleBoolean value="false"/><groupingId value="-term-valueset"/></resource><resource><extension url="http://hl7.org/fhir/StructureDefinition/implementationguide-page"><valueUri value="ValueSet-vs-tnm-l-lymphatic-invasion-uicc.html"/></extension><reference><reference value="ValueSet/vs-tnm-l-lymphatic-invasion-uicc"/></reference><name value="ValueSet TNM L-Descriptor Lymphatic Invasion UICC"/><description value="This ValueSet contains the TNM degree of lymphatic invasion codes used with the L-descriptor from TNM 8th edition UICC."/><exampleBoolean value="false"/><groupingId value="-term-valueset"/></resource><resource><extension url="http://hl7.org/fhir/StructureDefinition/implementationguide-page"><valueUri value="ValueSet-vs-tnm-m-category-uicc.html"/></extension><reference><reference value="ValueSet/vs-tnm-m-category-uicc"/></reference><name value="ValueSet TNM M Category UICC"/><description value="This ValueSet contains the TNM M category codes from TNM 8th edition UICC."/><exampleBoolean value="false"/><groupingId value="-term-valueset"/></resource><resource><extension url="http://hl7.org/fhir/StructureDefinition/implementationguide-page"><valueUri value="ValueSet-vs-tnm-m-staging-type-loinc.html"/></extension><reference><reference value="ValueSet/vs-tnm-m-staging-type-loinc"/></reference><name value="ValueSet TNM M Staging Type LOINC"/><description value="This ValueSet contains codes to specifiy the TNM distant metastases (M) category as clinical (cM) or pathological (pM)."/><exampleBoolean value="false"/><groupingId value="-term-valueset"/></resource><resource><extension url="http://hl7.org/fhir/StructureDefinition/implementationguide-page"><valueUri value="ValueSet-vs-tnm-n-category-uicc.html"/></extension><reference><reference value="ValueSet/vs-tnm-n-category-uicc"/></reference><name value="ValueSet TNM N Category UICC"/><description value="This ValueSet contains the TNM N category codes from TNM 8th edition UICC."/><exampleBoolean value="false"/><groupingId value="-term-valueset"/></resource><resource><extension url="http://hl7.org/fhir/StructureDefinition/implementationguide-page"><valueUri value="ValueSet-vs-tnm-n-staging-type-loinc.html"/></extension><reference><reference value="ValueSet/vs-tnm-n-staging-type-loinc"/></reference><name value="ValueSet TNM N Staging Type LOINC"/><description value="This ValueSet contains codes to specifiy the TNM regional lymph nodes (N) category as clinical (cN) or pathological (pN)."/><exampleBoolean value="false"/><groupingId value="-term-valueset"/></resource><resource><extension url="http://hl7.org/fhir/StructureDefinition/implementationguide-page"><valueUri value="ValueSet-vs-tnm-pn-perineural-invasion-uicc.html"/></extension><reference><reference value="ValueSet/vs-tnm-pn-perineural-invasion-uicc"/></reference><name value="ValueSet TNM Pn-Descriptor Perineural Invasion UICC"/><description value="This ValueSet contains the TNM degree of perineural (lymphatic nerve sheet) invasion codes used with the Pn-descriptor from TNM 8th edition UICC."/><exampleBoolean value="false"/><groupingId value="-term-valueset"/></resource><resource><extension url="http://hl7.org/fhir/StructureDefinition/implementationguide-page"><valueUri value="ValueSet-vs-tnm-prefix-cpu-uicc.html"/></extension><reference><reference value="ValueSet/vs-tnm-prefix-cpu-uicc"/></reference><name value="ValueSet TNM Prefix CPU UICC"/><description value="This ValueSet contains the c, p and u prefixes for TNM stages from TNM 8th edition UICC."/><exampleBoolean value="false"/><groupingId value="-term-valueset"/></resource><resource><extension url="http://hl7.org/fhir/StructureDefinition/implementationguide-page"><valueUri value="ValueSet-vs-tnm-r-classification-uicc.html"/></extension><reference><reference value="ValueSet/vs-tnm-r-classification-uicc"/></reference><name value="ValueSet TNM Residual Tumor (R) Classification UICC"/><description value="This ValueSet contains the TNM residual tumor (R) classification codes from TNM 8th edition UICC."/><exampleBoolean value="false"/><groupingId value="-term-valueset"/></resource><resource><extension url="http://hl7.org/fhir/StructureDefinition/implementationguide-page"><valueUri value="ValueSet-vs-tnm-s-serum-tumor-markers-uicc.html"/></extension><reference><reference value="ValueSet/vs-tnm-s-serum-tumor-markers-uicc"/></reference><name value="ValueSet TNM S Serum Tumour Markers UICC"/><description value="This ValueSet contains the TNM serum levels of tumor markers coded for germ cell tumors used with the S-symbol from TNM 8th edition UICC."/><exampleBoolean value="false"/><groupingId value="-term-valueset"/></resource><resource><extension url="http://hl7.org/fhir/StructureDefinition/implementationguide-page"><valueUri value="ValueSet-vs-tnm-stage-group-uicc.html"/></extension><reference><reference value="ValueSet/vs-tnm-stage-group-uicc"/></reference><name value="ValueSet TNM Stage Group UICC"/><description value="The ValueSet contains codes for the TNM stage groups ranging from I to IV to group cancer patients with similar prognosis from TNM 8th edition UICC."/><exampleBoolean value="false"/><groupingId value="-term-valueset"/></resource><resource><extension url="http://hl7.org/fhir/StructureDefinition/implementationguide-page"><valueUri value="ValueSet-vs-tnm-suffix-itc-sn-uicc.html"/></extension><reference><reference value="ValueSet/vs-tnm-suffix-itc-sn-uicc"/></reference><name value="ValueSet TNM Suffix ITC SN UICC"/><description value="This ValueSet contains the isolated tumor cells (ITC) sentinel lymph nodes (sn) suffix for the N-category in TNM from TNM 8th edition UICC."/><exampleBoolean value="false"/><groupingId value="-term-valueset"/></resource><resource><extension url="http://hl7.org/fhir/StructureDefinition/implementationguide-page"><valueUri value="ValueSet-vs-tnm-suffix-itc-uicc.html"/></extension><reference><reference value="ValueSet/vs-tnm-suffix-itc-uicc"/></reference><name value="ValueSet TNM Suffix ITC UICC"/><description value="This ValueSet contains the isolated tumor cells (ITC) suffixes for N- and M-category from TNM 8th edition UICC."/><exampleBoolean value="false"/><groupingId value="-term-valueset"/></resource><resource><extension url="http://hl7.org/fhir/StructureDefinition/implementationguide-page"><valueUri value="ValueSet-vs-tnm-t-category-uicc.html"/></extension><reference><reference value="ValueSet/vs-tnm-t-category-uicc"/></reference><name value="ValueSet TNM T Category UICC"/><description value="This ValueSet contains the TNM T category codes from TNM 8th edition UICC."/><exampleBoolean value="false"/><groupingId value="-term-valueset"/></resource><resource><extension url="http://hl7.org/fhir/StructureDefinition/implementationguide-page"><valueUri value="ValueSet-vs-tnm-t-multiplicity-uicc.html"/></extension><reference><reference value="ValueSet/vs-tnm-t-multiplicity-uicc"/></reference><name value="ValueSet TNM T Multiplicity UICC"/><description value="This ValueSet contains the TNM primary tumor multiplicity codes used with the m-symbol from TNM 8th edition UICC."/><exampleBoolean value="false"/><groupingId value="-term-valueset"/></resource><resource><extension url="http://hl7.org/fhir/StructureDefinition/implementationguide-page"><valueUri value="ValueSet-vs-tnm-t-staging-type-loinc.html"/></extension><reference><reference value="ValueSet/vs-tnm-t-staging-type-loinc"/></reference><name value="ValueSet TNM T Staging Type LOINC"/><description value="This ValueSet contains codes to specifiy the TNM primary tumor (T) category as clinical (cT) or pathological (pT)."/><exampleBoolean value="false"/><groupingId value="-term-valueset"/></resource><resource><extension url="http://hl7.org/fhir/StructureDefinition/implementationguide-page"><valueUri value="ValueSet-vs-tnm-v-venous-invasion-uicc.html"/></extension><reference><reference value="ValueSet/vs-tnm-v-venous-invasion-uicc"/></reference><name value="ValueSet TNM V-Descriptor Venous Invasion UICC"/><description value="This ValueSet contains the TNM degree of venous invasion codes used with the V-descriptor from TNM 8th edition UICC."/><exampleBoolean value="false"/><groupingId value="-term-valueset"/></resource><resource><extension url="http://hl7.org/fhir/StructureDefinition/implementationguide-page"><valueUri value="ValueSet-vs-topography-icd-o-3.html"/></extension><reference><reference value="ValueSet/vs-topography-icd-o-3"/></reference><name value="ValueSet Topography ICD-O-3"/><description value="The ValueSet contains the topography codes from ICD-O-3."/><exampleBoolean value="false"/><groupingId value="-term-valueset"/></resource><resource><extension url="http://hl7.org/fhir/StructureDefinition/implementationguide-page"><valueUri value="ValueSet-vs-topography-snomed.html"/></extension><reference><reference value="ValueSet/vs-topography-snomed"/></reference><name value="ValueSet Topography SNOMED"/><description value="The ValueSet contains the topography codes from SNOMED CT."/><exampleBoolean value="false"/><groupingId value="-term-valueset"/></resource><resource><extension url="http://hl7.org/fhir/StructureDefinition/implementationguide-page"><valueUri value="Patient-ExamplePatient.html"/></extension><reference><reference value="Patient/ExamplePatient"/></reference><name value="Example Patient"/><description value="Example of a patient."/><exampleBoolean value="true"/><groupingId value="-ex-example"/></resource><resource><extension url="http://hl7.org/fhir/StructureDefinition/implementationguide-page"><valueUri value="Observation-example-body-height.html"/></extension><reference><reference value="Observation/example-body-height"/></reference><name value="Example Body Height"/><description value="Example body height of a patient."/><exampleCanonical value="https://www.vision-zero-oncology.de/fhir/StructureDefinition/body-height"/><groupingId value="-ex-example"/></resource><resource><extension url="http://hl7.org/fhir/StructureDefinition/implementationguide-page"><valueUri value="Observation-example-body-weight.html"/></extension><reference><reference value="Observation/example-body-weight"/></reference><name value="Example Body Weight"/><description value="Example body weight of a patient."/><exampleCanonical value="https://www.vision-zero-oncology.de/fhir/StructureDefinition/body-weight"/><groupingId value="-ex-example"/></resource><resource><extension url="http://hl7.org/fhir/StructureDefinition/implementationguide-page"><valueUri value="Observation-example-ecog-performance-status.html"/></extension><reference><reference value="Observation/example-ecog-performance-status"/></reference><name value="Example ECOG Performance Status"/><description value="Example ECOG status observation."/><exampleCanonical value="https://www.vision-zero-oncology.de/fhir/StructureDefinition/ecog-performance-status"/><groupingId value="-ex-example"/></resource><resource><extension url="http://hl7.org/fhir/StructureDefinition/implementationguide-page"><valueUri value="Observation-example-histologic-grade.html"/></extension><reference><reference value="Observation/example-histologic-grade"/></reference><name value="Example Histologic Tumor Grade"/><description value="Example tumor grade using the general four-tier grading scheme."/><exampleCanonical value="https://www.vision-zero-oncology.de/fhir/StructureDefinition/histopathological-grading-who"/><groupingId value="-ex-example"/></resource><resource><extension url="http://hl7.org/fhir/StructureDefinition/implementationguide-page"><valueUri value="Observation-example-histology-topography.html"/></extension><reference><reference value="Observation/example-histology-topography"/></reference><name value="Example Histology and Topography"/><description value="Example tumor histology and topography observation."/><exampleCanonical value="https://www.vision-zero-oncology.de/fhir/StructureDefinition/histology-topography"/><groupingId value="-ex-example"/></resource><resource><extension url="http://hl7.org/fhir/StructureDefinition/implementationguide-page"><valueUri value="Observation-example-karnofsky-performance-status.html"/></extension><reference><reference value="Observation/example-karnofsky-performance-status"/></reference><name value="Example Karnofsky Performance Status"/><description value="Example Karnofsky performance status observation."/><exampleCanonical value="https://www.vision-zero-oncology.de/fhir/StructureDefinition/karnofsky-performance-status"/><groupingId value="-ex-example"/></resource><resource><extension url="http://hl7.org/fhir/StructureDefinition/implementationguide-page"><valueUri value="Observation-example-tnm-R0.html"/></extension><reference><reference value="Observation/example-tnm-R0"/></reference><name value="Example TNM R0"/><description value="Example TNM R0."/><exampleCanonical value="https://www.vision-zero-oncology.de/fhir/StructureDefinition/uicc-tnm-r-classification"/><groupingId value="-ex-example"/></resource><resource><extension url="http://hl7.org/fhir/StructureDefinition/implementationguide-page"><valueUri value="Observation-example-tnm-TisN0M0.html"/></extension><reference><reference value="Observation/example-tnm-TisN0M0"/></reference><name value="Example TNM Tis N0 M0"/><description value="Example TNM Tis N0 M0."/><exampleCanonical value="https://www.vision-zero-oncology.de/fhir/StructureDefinition/uicc-tnm"/><groupingId value="-ex-example"/></resource><resource><extension url="http://hl7.org/fhir/StructureDefinition/implementationguide-page"><valueUri value="Observation-example-tnm-cT3pN0mol-sncM1.html"/></extension><reference><reference value="Observation/example-tnm-cT3pN0mol-sncM1"/></reference><name value="Example TNM cT3 pN0 (mol-)(sn) cM1"/><description value="Example TNM cT3 pN0 (mol-)(sn) cM1."/><exampleCanonical value="https://www.vision-zero-oncology.de/fhir/StructureDefinition/uicc-tnm"/><groupingId value="-ex-example"/></resource><resource><extension url="http://hl7.org/fhir/StructureDefinition/implementationguide-page"><valueUri value="Observation-example-tnm-uT2a2pN0023i-sncM1.html"/></extension><reference><reference value="Observation/example-tnm-uT2a2pN0023i-sncM1"/></reference><name value="Example TNM uT2a2 pN0 (0/23) (i-)(sn) cM1"/><description value="Example TNM uT2a2 pN0 (0/23) (i-)(sn) cM1."/><exampleCanonical value="https://www.vision-zero-oncology.de/fhir/StructureDefinition/uicc-tnm"/><groupingId value="-ex-example"/></resource><resource><extension url="http://hl7.org/fhir/StructureDefinition/implementationguide-page"><valueUri value="Observation-example-tnm-ypT1bpN139snL0V0Pn1cM0R0.html"/></extension><reference><reference value="Observation/example-tnm-ypT1bpN139snL0V0Pn1cM0R0"/></reference><name value="Example TNM y pT1b pN1 (3/9) (sn) L0 V0 Pn1 cM0 R0"/><description value="Example TNM y pT1b pN1 (3/9) (sn) L0 V0 Pn1 cM0 R0."/><exampleCanonical value="https://www.vision-zero-oncology.de/fhir/StructureDefinition/uicc-tnm"/><groupingId value="-ex-example"/></resource><resource><extension url="http://hl7.org/fhir/StructureDefinition/implementationguide-page"><valueUri value="Observation-example-vital-signs-base.html"/></extension><reference><reference value="Observation/example-vital-signs-base"/></reference><name value="Example Vital Signs Base Observation"/><description value="Example of a vital signs base observation."/><exampleCanonical value="https://www.vision-zero-oncology.de/fhir/StructureDefinition/vital-signs-base"/><groupingId value="-ex-example"/></resource><page><nameUrl value="toc.html"/><title value="Table of Contents"/><generation value="html"/><page><nameUrl value="index.html"/><title value="Home"/><generation value="markdown"/></page><page><nameUrl value="logicalmodel.html"/><title value="Logical Model"/><generation value="markdown"/></page><page><nameUrl value="usecase.html"/><title value="Use Case"/><generation value="markdown"/></page><page><nameUrl value="profiles.html"/><title value="Profiles"/><generation value="markdown"/></page><page><nameUrl value="extensions.html"/><title value="Extensions"/><generation value="markdown"/></page><page><nameUrl value="terminology.html"/><title value="Terminology"/><generation value="markdown"/></page><page><nameUrl value="artifacts.html"/><title value="Artifacts Summary"/><generation value="html"/><page><nameUrl value="StructureDefinition-body-height.html"/><title value="Profile Body Height"/><generation value="generated"/></page><page><nameUrl value="StructureDefinition-body-weight.html"/><title value="Profile Body Weight"/><generation value="generated"/></page><page><nameUrl value="StructureDefinition-ecog-performance-status.html"/><title value="Profile ECOG Performance Status"/><generation value="generated"/></page><page><nameUrl value="StructureDefinition-histology-topography.html"/><title value="Profile Histology Topography"/><generation value="generated"/></page><page><nameUrl value="StructureDefinition-histopathological-grading-who.html"/><title value="Profile Histopathological Tumor Grading WHO"/><generation value="generated"/></page><page><nameUrl value="StructureDefinition-karnofsky-performance-status.html"/><title value="Profile Karnofsky Performance Status"/><generation value="generated"/></page><page><nameUrl value="StructureDefinition-uicc-tnm.html"/><title value="Profile UICC TNM"/><generation value="generated"/></page><page><nameUrl value="StructureDefinition-uicc-tnm-r-classification.html"/><title value="Profile UICC TNM Residual Tumor (R) Classification"/><generation value="generated"/></page><page><nameUrl value="StructureDefinition-vital-signs-base.html"/><title value="Profile Vital Signs Base"/><generation value="generated"/></page><page><nameUrl value="StructureDefinition-uicc-tnm-prefix-cpu.html"/><title value="Extension UICC TNM Prefix CPU"/><generation value="generated"/></page><page><nameUrl value="StructureDefinition-uicc-tnm-suffix-itc.html"/><title value="Extension UICC TNM Suffix ITC"/><generation value="generated"/></page><page><nameUrl value="StructureDefinition-uicc-tnm-suffix-itc-sn.html"/><title value="Extension UICC TNM Suffix ITC SN"/><generation value="generated"/></page><page><nameUrl value="ValueSet-vs-ecog-performance-status-snomed.html"/><title value="ValueSet ECOG Performance Status SNOMED"/><generation value="generated"/></page><page><nameUrl value="ValueSet-vs-histopathological-grade-snomed.html"/><title value="ValueSet Histologic Grade SNOMED"/><generation value="generated"/></page><page><nameUrl value="ValueSet-vs-morphology-icd-o-3.html"/><title value="ValueSet Morphology ICD-O-3"/><generation value="generated"/></page><page><nameUrl value="ValueSet-vs-morphology-snomed.html"/><title value="ValueSet Morphology SNOMED"/><generation value="generated"/></page><page><nameUrl value="ValueSet-vs-tnm-classification-type-loinc.html"/><title value="ValueSet TNM Classification Type LOINC"/><generation value="generated"/></page><page><nameUrl value="ValueSet-vs-tnm-l-lymphatic-invasion-uicc.html"/><title value="ValueSet TNM L-Descriptor Lymphatic Invasion UICC"/><generation value="generated"/></page><page><nameUrl value="ValueSet-vs-tnm-m-category-uicc.html"/><title value="ValueSet TNM M Category UICC"/><generation value="generated"/></page><page><nameUrl value="ValueSet-vs-tnm-m-staging-type-loinc.html"/><title value="ValueSet TNM M Staging Type LOINC"/><generation value="generated"/></page><page><nameUrl value="ValueSet-vs-tnm-n-category-uicc.html"/><title value="ValueSet TNM N Category UICC"/><generation value="generated"/></page><page><nameUrl value="ValueSet-vs-tnm-n-staging-type-loinc.html"/><title value="ValueSet TNM N Staging Type LOINC"/><generation value="generated"/></page><page><nameUrl value="ValueSet-vs-tnm-pn-perineural-invasion-uicc.html"/><title value="ValueSet TNM Pn-Descriptor Perineural Invasion UICC"/><generation value="generated"/></page><page><nameUrl value="ValueSet-vs-tnm-prefix-cpu-uicc.html"/><title value="ValueSet TNM Prefix CPU UICC"/><generation value="generated"/></page><page><nameUrl value="ValueSet-vs-tnm-r-classification-uicc.html"/><title value="ValueSet TNM Residual Tumor (R) Classification UICC"/><generation value="generated"/></page><page><nameUrl value="ValueSet-vs-tnm-s-serum-tumor-markers-uicc.html"/><title value="ValueSet TNM S Serum Tumour Markers UICC"/><generation value="generated"/></page><page><nameUrl value="ValueSet-vs-tnm-stage-group-uicc.html"/><title value="ValueSet TNM Stage Group UICC"/><generation value="generated"/></page><page><nameUrl value="ValueSet-vs-tnm-suffix-itc-sn-uicc.html"/><title value="ValueSet TNM Suffix ITC SN UICC"/><generation value="generated"/></page><page><nameUrl value="ValueSet-vs-tnm-suffix-itc-uicc.html"/><title value="ValueSet TNM Suffix ITC UICC"/><generation value="generated"/></page><page><nameUrl value="ValueSet-vs-tnm-t-category-uicc.html"/><title value="ValueSet TNM T Category UICC"/><generation value="generated"/></page><page><nameUrl value="ValueSet-vs-tnm-t-multiplicity-uicc.html"/><title value="ValueSet TNM T Multiplicity UICC"/><generation value="generated"/></page><page><nameUrl value="ValueSet-vs-tnm-t-staging-type-loinc.html"/><title value="ValueSet TNM T Staging Type LOINC"/><generation value="generated"/></page><page><nameUrl value="ValueSet-vs-tnm-v-venous-invasion-uicc.html"/><title value="ValueSet TNM V-Descriptor Venous Invasion UICC"/><generation value="generated"/></page><page><nameUrl value="ValueSet-vs-topography-icd-o-3.html"/><title value="ValueSet Topography ICD-O-3"/><generation value="generated"/></page><page><nameUrl value="ValueSet-vs-topography-snomed.html"/><title value="ValueSet Topography SNOMED"/><generation value="generated"/></page><page><nameUrl value="Patient-ExamplePatient.html"/><title value="Example Patient"/><generation value="generated"/></page><page><nameUrl value="Observation-example-body-height.html"/><title value="Example Body Height"/><generation value="generated"/></page><page><nameUrl value="Observation-example-body-weight.html"/><title value="Example Body Weight"/><generation value="generated"/></page><page><nameUrl value="Observation-example-ecog-performance-status.html"/><title value="Example ECOG Performance Status"/><generation value="generated"/></page><page><nameUrl value="Observation-example-histologic-grade.html"/><title value="Example Histologic Tumor Grade"/><generation value="generated"/></page><page><nameUrl value="Observation-example-histology-topography.html"/><title value="Example Histology and Topography"/><generation value="generated"/></page><page><nameUrl value="Observation-example-karnofsky-performance-status.html"/><title value="Example Karnofsky Performance Status"/><generation value="generated"/></page><page><nameUrl value="Observation-example-tnm-R0.html"/><title value="Example TNM R0"/><generation value="generated"/></page><page><nameUrl value="Observation-example-tnm-TisN0M0.html"/><title value="Example TNM Tis N0 M0"/><generation value="generated"/></page><page><nameUrl value="Observation-example-tnm-cT3pN0mol-sncM1.html"/><title value="Example TNM cT3 pN0 (mol-)(sn) cM1"/><generation value="generated"/></page><page><nameUrl value="Observation-example-tnm-uT2a2pN0023i-sncM1.html"/><title value="Example TNM uT2a2 pN0 (0/23) (i-)(sn) cM1"/><generation value="generated"/></page><page><nameUrl value="Observation-example-tnm-ypT1bpN139snL0V0Pn1cM0R0.html"/><title value="Example TNM y pT1b pN1 (3/9) (sn) L0 V0 Pn1 cM0 R0"/><generation value="generated"/></page><page><nameUrl value="Observation-example-vital-signs-base.html"/><title value="Example Vital Signs Base Observation"/><generation value="generated"/></page></page></page><parameter><code value="path-resource"/><value value="input/capabilities"/></parameter><parameter><code value="path-resource"/><value value="input/examples"/></parameter><parameter><code value="path-resource"/><value value="input/extensions"/></parameter><parameter><code value="path-resource"/><value value="input/models"/></parameter><parameter><code value="path-resource"/><value value="input/operations"/></parameter><parameter><code value="path-resource"/><value value="input/profiles"/></parameter><parameter><code value="path-resource"/><value value="input/resources"/></parameter><parameter><code value="path-resource"/><value value="input/vocabulary"/></parameter><parameter><code value="path-resource"/><value value="input/maps"/></parameter><parameter><code value="path-resource"/><value value="input/testing"/></parameter><parameter><code value="path-resource"/><value value="input/history"/></parameter><parameter><code value="path-resource"/><value value="fsh-generated/resources"/></parameter><parameter><code value="path-pages"/><value value="template/config"/></parameter><parameter><code value="path-pages"/><value value="input/images"/></parameter><parameter><code value="path-tx-cache"/><value value="input-cache/txcache"/></parameter></definition></ImplementationGuide>