<?xml version="1.0" encoding="UTF-8"?><ImplementationGuide xmlns="http://hl7.org/fhir"><id value="gold"/><text><status value="extensions"/><div xmlns="http://www.w3.org/1999/xhtml"><h2>GOLD</h2><p>The official URL for this implementation guide is: </p><pre>https://www.vision-zero-oncology.de/fhir/ImplementationGuide/gold</pre></div></text><url value="https://www.vision-zero-oncology.de/fhir/ImplementationGuide/gold"/><version value="0.1.0"/><name value="GOLD"/><status value="draft"/><date value="2022-03-18T11:45:27+00:00"/><publisher value="Berlin Institute of Health at Charité (BIH)"/><contact><name value="Berlin Institute of Health at Charité (BIH)"/><telecom><system value="url"/><value value="https://www.bihealth.org/"/></telecom></contact><packageId value="gold"/><license value="CC0-1.0"/><fhirVersion value="4.0.1"/><definition><extension url="http://hl7.org/fhir/tools/StructureDefinition/ig-parameter"><extension url="code"><valueString value="copyrightyear"/></extension><extension url="value"><valueString value="2022+"/></extension></extension><extension url="http://hl7.org/fhir/tools/StructureDefinition/ig-parameter"><extension url="code"><valueString value="releaselabel"/></extension><extension url="value"><valueString value="ci-build"/></extension></extension><extension url="http://hl7.org/fhir/tools/StructureDefinition/ig-parameter"><extension url="code"><valueString value="path-liquid"/></extension><extension url="value"><valueString value="template/liquid"/></extension></extension><extension url="http://hl7.org/fhir/tools/StructureDefinition/ig-parameter"><extension url="code"><valueString value="path-liquid"/></extension><extension url="value"><valueString value="input/liquid"/></extension></extension><extension url="http://hl7.org/fhir/tools/StructureDefinition/ig-parameter"><extension url="code"><valueString value="path-qa"/></extension><extension url="value"><valueString value="temp/qa"/></extension></extension><extension url="http://hl7.org/fhir/tools/StructureDefinition/ig-parameter"><extension url="code"><valueString value="path-temp"/></extension><extension url="value"><valueString value="temp/pages"/></extension></extension><extension url="http://hl7.org/fhir/tools/StructureDefinition/ig-parameter"><extension url="code"><valueString value="path-output"/></extension><extension url="value"><valueString value="output"/></extension></extension><extension url="http://hl7.org/fhir/tools/StructureDefinition/ig-parameter"><extension url="code"><valueString value="path-suppressed-warnings"/></extension><extension url="value"><valueString value="input/ignoreWarnings.txt"/></extension></extension><extension url="http://hl7.org/fhir/tools/StructureDefinition/ig-parameter"><extension url="code"><valueString value="path-history"/></extension><extension url="value"><valueString value="https://www.vision-zero-oncology.de/fhir/history.html"/></extension></extension><extension url="http://hl7.org/fhir/tools/StructureDefinition/ig-parameter"><extension url="code"><valueString value="template-html"/></extension><extension url="value"><valueString value="template-page.html"/></extension></extension><extension url="http://hl7.org/fhir/tools/StructureDefinition/ig-parameter"><extension url="code"><valueString value="template-md"/></extension><extension url="value"><valueString value="template-page-md.html"/></extension></extension><extension url="http://hl7.org/fhir/tools/StructureDefinition/ig-parameter"><extension url="code"><valueString value="apply-contact"/></extension><extension url="value"><valueString value="true"/></extension></extension><extension url="http://hl7.org/fhir/tools/StructureDefinition/ig-parameter"><extension url="code"><valueString value="apply-context"/></extension><extension url="value"><valueString value="true"/></extension></extension><extension url="http://hl7.org/fhir/tools/StructureDefinition/ig-parameter"><extension url="code"><valueString value="apply-copyright"/></extension><extension url="value"><valueString value="true"/></extension></extension><extension url="http://hl7.org/fhir/tools/StructureDefinition/ig-parameter"><extension url="code"><valueString value="apply-jurisdiction"/></extension><extension url="value"><valueString value="true"/></extension></extension><extension url="http://hl7.org/fhir/tools/StructureDefinition/ig-parameter"><extension url="code"><valueString value="apply-license"/></extension><extension url="value"><valueString value="true"/></extension></extension><extension url="http://hl7.org/fhir/tools/StructureDefinition/ig-parameter"><extension url="code"><valueString value="apply-publisher"/></extension><extension url="value"><valueString value="true"/></extension></extension><extension url="http://hl7.org/fhir/tools/StructureDefinition/ig-parameter"><extension url="code"><valueString value="apply-version"/></extension><extension url="value"><valueString value="true"/></extension></extension><extension url="http://hl7.org/fhir/tools/StructureDefinition/ig-parameter"><extension url="code"><valueString value="active-tables"/></extension><extension url="value"><valueString value="true"/></extension></extension><extension url="http://hl7.org/fhir/tools/StructureDefinition/ig-parameter"><extension url="code"><valueString value="fmm-definition"/></extension><extension url="value"><valueString value="http://hl7.org/fhir/versions.html#maturity"/></extension></extension><extension url="http://hl7.org/fhir/tools/StructureDefinition/ig-parameter"><extension url="code"><valueString value="propagate-status"/></extension><extension url="value"><valueString value="true"/></extension></extension><grouping id="-str-profile"><name value="Structures: Resource Profiles"/><description value="These define constraints on FHIR resources for systems conforming to this implementation guide"/></grouping><grouping id="-term-valueset"><name value="Terminology: Value Sets"/><description value="These define sets of codes used by systems conforming to this implementation guide"/></grouping><grouping id="-ex-example"><name value="Example: Example Instances"/><description value="These are example instances that show what data produced and consumed by systems conforming with this implementation guide might look like"/></grouping><resource><extension url="http://hl7.org/fhir/StructureDefinition/implementationguide-page"><valueUri value="StructureDefinition-sd-body-height.html"/></extension><reference><reference value="StructureDefinition/sd-body-height"/></reference><name value="Profile Body Height"/><description value="Profile for body Height of a patient"/><exampleBoolean value="false"/><groupingId value="-str-profile"/></resource><resource><extension url="http://hl7.org/fhir/StructureDefinition/implementationguide-page"><valueUri value="StructureDefinition-sd-body-weight.html"/></extension><reference><reference value="StructureDefinition/sd-body-weight"/></reference><name value="Profile Body Weight"/><description value="Profile for body weight of a patient"/><exampleBoolean value="false"/><groupingId value="-str-profile"/></resource><resource><extension url="http://hl7.org/fhir/StructureDefinition/implementationguide-page"><valueUri value="StructureDefinition-sd-ecog-performance-status.html"/></extension><reference><reference value="StructureDefinition/sd-ecog-performance-status"/></reference><name value="Profile ECOG Performance Status"/><description value="Profile for the Eastern Cooperative Oncology Group (ECOG) Performance Status that represents a cancer patient&#39;s functional status."/><exampleBoolean value="false"/><groupingId value="-str-profile"/></resource><resource><extension url="http://hl7.org/fhir/StructureDefinition/implementationguide-page"><valueUri value="StructureDefinition-sd-histologic-grade.html"/></extension><reference><reference value="StructureDefinition/sd-histologic-grade"/></reference><name value="Profile Histologic Tumor Grade"/><description value="Profile for the description of a tumor&#39;s grade using the general four-tier grading scheme."/><exampleBoolean value="false"/><groupingId value="-str-profile"/></resource><resource><extension url="http://hl7.org/fhir/StructureDefinition/implementationguide-page"><valueUri value="StructureDefinition-sd-histology-topography.html"/></extension><reference><reference value="StructureDefinition/sd-histology-topography"/></reference><name value="Profile Histology Topography"/><description value="Profile for the classification of a tumor&#39;s morphology(histology) and topography using ICD-O-3."/><exampleBoolean value="false"/><groupingId value="-str-profile"/></resource><resource><extension url="http://hl7.org/fhir/StructureDefinition/implementationguide-page"><valueUri value="StructureDefinition-sd-karnofsky-performance-status.html"/></extension><reference><reference value="StructureDefinition/sd-karnofsky-performance-status"/></reference><name value="Profile Karnofsky Performance Status"/><description value="Profile for the Karnofsky Performance Status to measure a cancer patient&#39;s ability to perform ordinary tasks."/><exampleBoolean value="false"/><groupingId value="-str-profile"/></resource><resource><extension url="http://hl7.org/fhir/StructureDefinition/implementationguide-page"><valueUri value="StructureDefinition-sd-vital-signs-base.html"/></extension><reference><reference value="StructureDefinition/sd-vital-signs-base"/></reference><name value="Profile Vital Signs Base"/><description value="Profile for the base definition of all vital signs. May not be used directly. Only for reprofiling purposes."/><exampleBoolean value="false"/><groupingId value="-str-profile"/></resource><resource><extension url="http://hl7.org/fhir/StructureDefinition/implementationguide-page"><valueUri value="ValueSet-vs-ecog-performance-status-snomed.html"/></extension><reference><reference value="ValueSet/vs-ecog-performance-status-snomed"/></reference><name value="ValueSet ECOG Performance Status SNOMED"/><description value="The ValueSet contains the ECOG Performance Status values from SNOMED CT."/><exampleBoolean value="false"/><groupingId value="-term-valueset"/></resource><resource><extension url="http://hl7.org/fhir/StructureDefinition/implementationguide-page"><valueUri value="ValueSet-vs-histologic-grade-snomed.html"/></extension><reference><reference value="ValueSet/vs-histologic-grade-snomed"/></reference><name value="ValueSet Histologic Grade SNOMED"/><description value="The ValueSet contains codes for the grading system that is generally used for a tumor type if no other system is specified from SNOMED CT."/><exampleBoolean value="false"/><groupingId value="-term-valueset"/></resource><resource><extension url="http://hl7.org/fhir/StructureDefinition/implementationguide-page"><valueUri value="ValueSet-vs-morphology-icd-o-3.html"/></extension><reference><reference value="ValueSet/vs-morphology-icd-o-3"/></reference><name value="ValueSet Morphology ICD-O-3"/><description value="The ValueSet contains the morphology (histology) codes from ICD-O-3."/><exampleBoolean value="false"/><groupingId value="-term-valueset"/></resource><resource><extension url="http://hl7.org/fhir/StructureDefinition/implementationguide-page"><valueUri value="ValueSet-vs-morphology-snomed.html"/></extension><reference><reference value="ValueSet/vs-morphology-snomed"/></reference><name value="ValueSet Morphology SNOMED"/><description value="The ValueSet contains the morphology (histology) codes from SNOMED CT."/><exampleBoolean value="false"/><groupingId value="-term-valueset"/></resource><resource><extension url="http://hl7.org/fhir/StructureDefinition/implementationguide-page"><valueUri value="ValueSet-vs-topography-icd-o-3.html"/></extension><reference><reference value="ValueSet/vs-topography-icd-o-3"/></reference><name value="ValueSet Topography ICD-O-3"/><description value="The ValueSet contains the topography codes from ICD-O-3."/><exampleBoolean value="false"/><groupingId value="-term-valueset"/></resource><resource><extension url="http://hl7.org/fhir/StructureDefinition/implementationguide-page"><valueUri value="ValueSet-vs-topography-snomed.html"/></extension><reference><reference value="ValueSet/vs-topography-snomed"/></reference><name value="ValueSet Topography SNOMED"/><description value="The ValueSet contains the topography codes from SNOMED CT."/><exampleBoolean value="false"/><groupingId value="-term-valueset"/></resource><resource><extension url="http://hl7.org/fhir/StructureDefinition/implementationguide-page"><valueUri value="Patient-ExamplePatient.html"/></extension><reference><reference value="Patient/ExamplePatient"/></reference><name value="Example Patient"/><description value="Example of a patient."/><exampleBoolean value="true"/><groupingId value="-ex-example"/></resource><resource><extension url="http://hl7.org/fhir/StructureDefinition/implementationguide-page"><valueUri value="Observation-example-body-height.html"/></extension><reference><reference value="Observation/example-body-height"/></reference><name value="Example Body Height"/><description value="Example body height of a patient."/><exampleCanonical value="https://www.vision-zero-oncology.de/fhir/StructureDefinition/body-height"/><groupingId value="-ex-example"/></resource><resource><extension url="http://hl7.org/fhir/StructureDefinition/implementationguide-page"><valueUri value="Observation-example-body-weight.html"/></extension><reference><reference value="Observation/example-body-weight"/></reference><name value="Example Body Weight"/><description value="Example body weight of a patient."/><exampleCanonical value="https://www.vision-zero-oncology.de/fhir/StructureDefinition/body-weight"/><groupingId value="-ex-example"/></resource><resource><extension url="http://hl7.org/fhir/StructureDefinition/implementationguide-page"><valueUri value="Observation-example-ecog-performance-status.html"/></extension><reference><reference value="Observation/example-ecog-performance-status"/></reference><name value="Example ECOG Performance Status"/><description value="Example ECOG status observation."/><exampleCanonical value="https://www.vision-zero-oncology.de/fhir/StructureDefinition/ecog-performance-status"/><groupingId value="-ex-example"/></resource><resource><extension url="http://hl7.org/fhir/StructureDefinition/implementationguide-page"><valueUri value="Observation-example-histologic-grade.html"/></extension><reference><reference value="Observation/example-histologic-grade"/></reference><name value="Example Histologic Tumor Grade"/><description value="Example tumor grade using the general four-tier grading scheme."/><exampleCanonical value="https://www.vision-zero-oncology.de/fhir/StructureDefinition/histologic-grade"/><groupingId value="-ex-example"/></resource><resource><extension url="http://hl7.org/fhir/StructureDefinition/implementationguide-page"><valueUri value="Observation-example-histology-topography.html"/></extension><reference><reference value="Observation/example-histology-topography"/></reference><name value="Example Histology and Topography"/><description value="Example tumor histology and topography observation."/><exampleCanonical value="https://www.vision-zero-oncology.de/fhir/StructureDefinition/histology-topography"/><groupingId value="-ex-example"/></resource><resource><extension url="http://hl7.org/fhir/StructureDefinition/implementationguide-page"><valueUri value="Observation-example-karnofsky-performance-status.html"/></extension><reference><reference value="Observation/example-karnofsky-performance-status"/></reference><name value="Example Karnofsky Performance Status"/><description value="Example Karnofsky performance status observation."/><exampleCanonical value="https://www.vision-zero-oncology.de/fhir/StructureDefinition/karnofsky-performance-status"/><groupingId value="-ex-example"/></resource><resource><extension url="http://hl7.org/fhir/StructureDefinition/implementationguide-page"><valueUri value="Observation-example-vital-signs-base.html"/></extension><reference><reference value="Observation/example-vital-signs-base"/></reference><name value="Example Vital Signs Base Observation"/><description value="Example of a vital signs base observation."/><exampleCanonical value="https://www.vision-zero-oncology.de/fhir/StructureDefinition/vital-signs-base"/><groupingId value="-ex-example"/></resource><page><nameUrl value="toc.html"/><title value="Table of Contents"/><generation value="html"/><page><nameUrl value="index.html"/><title value="Home"/><generation value="markdown"/></page><page><nameUrl value="artifacts.html"/><title value="Artifacts Summary"/><generation value="html"/><page><nameUrl value="StructureDefinition-sd-body-height.html"/><title value="Profile Body Height"/><generation value="generated"/></page><page><nameUrl value="StructureDefinition-sd-body-weight.html"/><title value="Profile Body Weight"/><generation value="generated"/></page><page><nameUrl value="StructureDefinition-sd-ecog-performance-status.html"/><title value="Profile ECOG Performance Status"/><generation value="generated"/></page><page><nameUrl value="StructureDefinition-sd-histologic-grade.html"/><title value="Profile Histologic Tumor Grade"/><generation value="generated"/></page><page><nameUrl value="StructureDefinition-sd-histology-topography.html"/><title value="Profile Histology Topography"/><generation value="generated"/></page><page><nameUrl value="StructureDefinition-sd-karnofsky-performance-status.html"/><title value="Profile Karnofsky Performance Status"/><generation value="generated"/></page><page><nameUrl value="StructureDefinition-sd-vital-signs-base.html"/><title value="Profile Vital Signs Base"/><generation value="generated"/></page><page><nameUrl value="ValueSet-vs-ecog-performance-status-snomed.html"/><title value="ValueSet ECOG Performance Status SNOMED"/><generation value="generated"/></page><page><nameUrl value="ValueSet-vs-histologic-grade-snomed.html"/><title value="ValueSet Histologic Grade SNOMED"/><generation value="generated"/></page><page><nameUrl value="ValueSet-vs-morphology-icd-o-3.html"/><title value="ValueSet Morphology ICD-O-3"/><generation value="generated"/></page><page><nameUrl value="ValueSet-vs-morphology-snomed.html"/><title value="ValueSet Morphology SNOMED"/><generation value="generated"/></page><page><nameUrl value="ValueSet-vs-topography-icd-o-3.html"/><title value="ValueSet Topography ICD-O-3"/><generation value="generated"/></page><page><nameUrl value="ValueSet-vs-topography-snomed.html"/><title value="ValueSet Topography SNOMED"/><generation value="generated"/></page><page><nameUrl value="Patient-ExamplePatient.html"/><title value="Example Patient"/><generation value="generated"/></page><page><nameUrl value="Observation-example-body-height.html"/><title value="Example Body Height"/><generation value="generated"/></page><page><nameUrl value="Observation-example-body-weight.html"/><title value="Example Body Weight"/><generation value="generated"/></page><page><nameUrl value="Observation-example-ecog-performance-status.html"/><title value="Example ECOG Performance Status"/><generation value="generated"/></page><page><nameUrl value="Observation-example-histologic-grade.html"/><title value="Example Histologic Tumor Grade"/><generation value="generated"/></page><page><nameUrl value="Observation-example-histology-topography.html"/><title value="Example Histology and Topography"/><generation value="generated"/></page><page><nameUrl value="Observation-example-karnofsky-performance-status.html"/><title value="Example Karnofsky Performance Status"/><generation value="generated"/></page><page><nameUrl value="Observation-example-vital-signs-base.html"/><title value="Example Vital Signs Base Observation"/><generation value="generated"/></page></page></page><parameter><code value="path-resource"/><value value="input/capabilities"/></parameter><parameter><code value="path-resource"/><value value="input/examples"/></parameter><parameter><code value="path-resource"/><value value="input/extensions"/></parameter><parameter><code value="path-resource"/><value value="input/models"/></parameter><parameter><code value="path-resource"/><value value="input/operations"/></parameter><parameter><code value="path-resource"/><value value="input/profiles"/></parameter><parameter><code value="path-resource"/><value value="input/resources"/></parameter><parameter><code value="path-resource"/><value value="input/vocabulary"/></parameter><parameter><code value="path-resource"/><value value="input/maps"/></parameter><parameter><code value="path-resource"/><value value="input/testing"/></parameter><parameter><code value="path-resource"/><value value="input/history"/></parameter><parameter><code value="path-resource"/><value value="fsh-generated/resources"/></parameter><parameter><code value="path-pages"/><value value="template/config"/></parameter><parameter><code value="path-pages"/><value value="input/images"/></parameter><parameter><code value="path-tx-cache"/><value value="input-cache/txcache"/></parameter></definition></ImplementationGuide>