<?xml version="1.0" encoding="UTF-8"?><ValueSet xmlns="http://hl7.org/fhir"><id value="tumor-area-units"/><text><status value="generated"/><div xmlns="http://www.w3.org/1999/xhtml"><ul><li>Include these codes as defined in <a href="http://unitsofmeasure.org"><code>http://unitsofmeasure.org</code></a><table class="none"><tr><td style="white-space:nowrap"><b>Code</b></td><td><b>Display</b></td></tr><tr><td>mm2</td><td>square millimeter</td></tr></table></li></ul></div></text><url value="https://www.vision-zero-oncology.de/fhir/ValueSet/tumor-area-units"/><version value="0.1.0"/><name value="VS_Tumor_Area_Units"/><title value="ValueSet Tumor Size Units ValueSet"/><status value="active"/><date value="2023-04-17T09:23:06+00:00"/><publisher value="Berlin Institute of Health at Charité (BIH)"/><contact><name value="Berlin Institute of Health at Charité (BIH)"/><telecom><system value="url"/><value value="https://www.bihealth.org/"/></telecom></contact><description value="Acceptable units for measuring tumor areas"/><jurisdiction><coding><system value="urn:iso:std:iso:3166"/><code value="DEU"/></coding></jurisdiction><copyright value="CC-BY-SA-4.0"/><compose><include><system value="http://unitsofmeasure.org"/><concept><code value="mm2"/><display value="square millimeter"/></concept></include></compose></ValueSet>