<?xml version="1.0" encoding="UTF-8"?><ValueSet xmlns="http://hl7.org/fhir"><id value="vs-ecog-performance-status-snomed"/><text><status value="generated"/><div xmlns="http://www.w3.org/1999/xhtml"><ul><li>Include codes from <a href="http://www.snomed.org/"><code>http://snomed.info/sct</code></a> where concept  descends from  424122007 (Eastern Cooperative Oncology Group performance status finding (finding))</li></ul></div></text><url value="https://www.vision-zero-oncology.de/fhir/ValueSet/vs-ecog-performance-status-snomed"/><version value="0.1.0"/><name value="VS_ECOG_Performance_Status_SNOMED"/><title value="ValueSet ECOG Performance Status SNOMED"/><status value="active"/><date value="2022-03-17T16:24:03+00:00"/><publisher value="Berlin Institute of Health at Charité (BIH)"/><contact><name value="Berlin Institute of Health at Charité (BIH)"/><telecom><system value="url"/><value value="https://www.bihealth.org/"/></telecom></contact><description value="The ValueSet contains the ECOG Performance Status values from SNOMED CT."/><copyright value="This artefact includes content from SNOMED Clinical Terms® (SNOMED CT®) which is copyright of the International Health Terminology Standards Development Organisation (IHTSDO). Implementers of these artefacts must have the appropriate SNOMED CT Affiliate license - for more information contact http://www.snomed.org/snomed-ct/getsnomed-ct or info@snomed.org."/><compose><include><system value="http://snomed.info/sct"/><filter><property value="concept"/><op value="descendent-of"/><value value="424122007"/></filter></include></compose></ValueSet>