<?xml version="1.0" encoding="UTF-8"?><ValueSet xmlns="http://hl7.org/fhir"><id value="vs-tnm-n-category-uicc"/><text><status value="generated"/><div xmlns="http://www.w3.org/1999/xhtml"><ul><li>Include these codes as defined in <code>urn:oid:2.16.840.1.113883.15.16</code><table class="none"><tr><td style="white-space:nowrap"><b>Code</b></td><td><b>Display</b></td></tr><tr><td>NX</td><td>Nx</td></tr><tr><td>N0</td><td>N0</td></tr><tr><td>N1</td><td>N1</td></tr><tr><td>N1mi</td><td>N1(mi)</td></tr><tr><td>N1a</td><td>N1a</td></tr><tr><td>N1b</td><td>N1b</td></tr><tr><td>N1c</td><td>N1c</td></tr><tr><td>N2</td><td>N2</td></tr><tr><td>N2a</td><td>N2a</td></tr><tr><td>N2b</td><td>N2b</td></tr><tr><td>N2c</td><td>N2c</td></tr><tr><td>N3</td><td>N3</td></tr><tr><td>N3a</td><td>N3a</td></tr><tr><td>N3b</td><td>N3b</td></tr><tr><td>N3c</td><td>N3c</td></tr></table></li></ul></div></text><url value="https://www.vision-zero-oncology.de/fhir/ValueSet/tnm-n-category-uicc"/><version value="0.1.0"/><name value="VS_TNM_N_Category_UICC"/><title value="ValueSet TNM N Category UICC"/><status value="draft"/><date value="2023-04-03T13:54:41+00:00"/><publisher value="Berlin Institute of Health at Charité (BIH)"/><contact><name value="Berlin Institute of Health at Charité (BIH)"/><telecom><system value="url"/><value value="https://www.bihealth.org/"/></telecom></contact><description value="This ValueSet contains the TNM N category codes from TNM 8th edition UICC."/><jurisdiction><coding><system value="urn:iso:std:iso:3166"/><code value="DEU"/></coding></jurisdiction><copyright value="CC-BY-SA-4.0"/><compose><include><system value="urn:oid:2.16.840.1.113883.15.16"/><concept><code value="NX"/><display value="Nx"/></concept><concept><code value="N0"/><display value="N0"/></concept><concept><code value="N1"/><display value="N1"/></concept><concept><code value="N1mi"/><display value="N1(mi)"/></concept><concept><code value="N1a"/><display value="N1a"/></concept><concept><code value="N1b"/><display value="N1b"/></concept><concept><code value="N1c"/><display value="N1c"/></concept><concept><code value="N2"/><display value="N2"/></concept><concept><code value="N2a"/><display value="N2a"/></concept><concept><code value="N2b"/><display value="N2b"/></concept><concept><code value="N2c"/><display value="N2c"/></concept><concept><code value="N3"/><display value="N3"/></concept><concept><code value="N3a"/><display value="N3a"/></concept><concept><code value="N3b"/><display value="N3b"/></concept><concept><code value="N3c"/><display value="N3c"/></concept></include></compose></ValueSet>