<?xml version="1.0" encoding="UTF-8"?><ValueSet xmlns="http://hl7.org/fhir"><id value="vs-tnm-s-serum-tumor-markers-uicc"/><text><status value="generated"/><div xmlns="http://www.w3.org/1999/xhtml"><ul><li>Include these codes as defined in <code>urn:oid:2.16.840.1.113883.15.16</code><table class="none"><tr><td style="white-space:nowrap"><b>Code</b></td><td><b>Display</b></td></tr><tr><td>S0</td><td>S0</td></tr><tr><td>S1</td><td>S1</td></tr><tr><td>S2</td><td>S2</td></tr><tr><td>S3</td><td>S3</td></tr><tr><td>SX</td><td>SX</td></tr></table></li></ul></div></text><url value="https://www.vision-zero-oncology.de/fhir/ValueSet/tnm-s-serum-tumor-markers-uicc"/><version value="0.1.0"/><name value="VS_TNM_S_Serum_Tumor_Markers_UICC"/><title value="ValueSet TNM S Serum Tumour Markers UICC"/><status value="draft"/><date value="2023-04-03T10:13:34+00:00"/><publisher value="Berlin Institute of Health at Charité (BIH)"/><contact><name value="Berlin Institute of Health at Charité (BIH)"/><telecom><system value="url"/><value value="https://www.bihealth.org/"/></telecom></contact><description value="This ValueSet contains the TNM serum levels of tumor markers coded for germ cell tumors used with the S-symbol from TNM 8th edition UICC."/><jurisdiction><coding><system value="urn:iso:std:iso:3166"/><code value="DEU"/></coding></jurisdiction><copyright value="CC-BY-SA-4.0"/><compose><include><system value="urn:oid:2.16.840.1.113883.15.16"/><concept><code value="S0"/><display value="S0"/></concept><concept><code value="S1"/><display value="S1"/></concept><concept><code value="S2"/><display value="S2"/></concept><concept><code value="S3"/><display value="S3"/></concept><concept><code value="SX"/><display value="SX"/></concept></include></compose></ValueSet>