<?xml version="1.0" encoding="UTF-8"?><ValueSet xmlns="http://hl7.org/fhir"><id value="vs-histologic-grade-snomed"/><text><status value="generated"/><div xmlns="http://www.w3.org/1999/xhtml"><ul><li>Include these codes as defined in <a href="http://www.snomed.org/"><code>http://snomed.info/sct</code></a><table class="none"><tr><td style="white-space:nowrap"><b>Code</b></td><td><b>Display</b></td></tr><tr><td><a href="http://browser.ihtsdotools.org/?perspective=full&amp;conceptId1=12619005">12619005</a></td><td>GX grade (finding)</td></tr><tr><td><a href="http://browser.ihtsdotools.org/?perspective=full&amp;conceptId1=54102005">54102005</a></td><td>G1 grade (finding)</td></tr><tr><td><a href="http://browser.ihtsdotools.org/?perspective=full&amp;conceptId1=1663004">1663004</a></td><td>G2 grade (finding)</td></tr><tr><td><a href="http://browser.ihtsdotools.org/?perspective=full&amp;conceptId1=61026006">61026006</a></td><td>G3 grade (finding)</td></tr><tr><td><a href="http://browser.ihtsdotools.org/?perspective=full&amp;conceptId1=258245003">258245003</a></td><td>G4 grade (finding)</td></tr></table></li></ul></div></text><url value="https://www.vision-zero-oncology.de/fhir/ValueSet/vs-histologic-grade-snomed"/><version value="0.1.0"/><name value="VS_Histologic_Grade_SNOMED"/><title value="ValueSet Histologic Grade SNOMED"/><status value="active"/><date value="2022-03-18T08:59:17+00:00"/><publisher value="Berlin Institute of Health at Charité (BIH)"/><contact><name value="Berlin Institute of Health at Charité (BIH)"/><telecom><system value="url"/><value value="https://www.bihealth.org/"/></telecom></contact><description value="The ValueSet contains codes for the grading system that is generally used for a tumor type if no other system is specified."/><compose><include><system value="http://snomed.info/sct"/><concept><code value="12619005"/><display value="GX grade (finding)"/></concept><concept><code value="54102005"/><display value="G1 grade (finding)"/></concept><concept><code value="1663004"/><display value="G2 grade (finding)"/></concept><concept><code value="61026006"/><display value="G3 grade (finding)"/></concept><concept><code value="258245003"/><display value="G4 grade (finding)"/></concept></include></compose></ValueSet>