<?xml version="1.0" encoding="UTF-8"?><ValueSet xmlns="http://hl7.org/fhir"><id value="vs-tnm-t-staging-type-loinc"/><text><status value="generated"/><div xmlns="http://www.w3.org/1999/xhtml"><ul><li>Include these codes as defined in <a href="http://loinc.org"><code>http://loinc.org</code></a><table class="none"><tr><td style="white-space:nowrap"><b>Code</b></td><td><b>Display</b></td></tr><tr><td><a href="http://details.loinc.org/LOINC/21905-5.html">21905-5</a></td><td>Primary tumor.clinical [Class] Cancer</td></tr><tr><td><a href="http://details.loinc.org/LOINC/21899-0.html">21899-0</a></td><td>Primary tumor.pathology Cancer</td></tr><tr><td><a href="http://details.loinc.org/LOINC/21911-3.html">21911-3</a></td><td>Primary tumor.other [Class] Cancer</td></tr></table></li></ul></div></text><url value="https://www.vision-zero-oncology.de/fhir/ValueSet/tnm-t-staging-type-loinc"/><version value="0.1.0"/><name value="VS_TNM_T_Staging_Type_LOINC"/><title value="ValueSet TNM T Staging Type LOINC"/><status value="active"/><date value="2022-04-21T07:12:34+00:00"/><publisher value="Berlin Institute of Health at Charité (BIH)"/><contact><name value="Berlin Institute of Health at Charité (BIH)"/><telecom><system value="url"/><value value="https://www.bihealth.org/"/></telecom></contact><description value="This ValueSet contains codes to specifiy the TNM primary tumor (T) category as clinical (cT) or pathological (pT)."/><jurisdiction><coding><system value="urn:iso:std:iso:3166"/><code value="DEU"/></coding></jurisdiction><copyright value="CC-BY-SA-4.0"/><compose><include><system value="http://loinc.org"/><concept><code value="21905-5"/><display value="Primary tumor.clinical [Class] Cancer"/></concept><concept><code value="21899-0"/><display value="Primary tumor.pathology Cancer"/></concept><concept><code value="21911-3"/><display value="Primary tumor.other [Class] Cancer"/></concept></include></compose></ValueSet>