<?xml version="1.0" encoding="UTF-8"?><ValueSet xmlns="http://hl7.org/fhir"><id value="morphology-snomed"/><text><status value="generated"/><div xmlns="http://www.w3.org/1999/xhtml"><ul><li>Include codes from <a href="http://www.snomed.org/"><code>http://snomed.info/sct</code></a> where concept  descends from  400177003 (Neoplasm and/or hamartoma (morphologic abnormality))</li></ul></div></text><url value="https://www.vision-zero-oncology.de/fhir/ValueSet/morphology-snomed"/><version value="0.1.0"/><name value="VS_Morphology_SNOMED"/><title value="ValueSet Morphology SNOMED"/><status value="draft"/><experimental value="false"/><date value="2023-04-11T09:33:35+00:00"/><publisher value="Berlin Institute of Health at Charité (BIH)"/><contact><name value="Berlin Institute of Health at Charité (BIH)"/><telecom><system value="url"/><value value="https://www.bihealth.org/"/></telecom></contact><description value="The ValueSet contains the morphology (histology) codes from SNOMED CT."/><jurisdiction><coding><system value="urn:iso:std:iso:3166"/><code value="DEU"/></coding></jurisdiction><copyright value="This artefact includes content from SNOMED Clinical Terms® (SNOMED CT®) which is copyright of the International Health Terminology Standards Development Organisation (IHTSDO). Implementers of these artefacts must have the appropriate SNOMED CT Affiliate license - for more information contact http://www.snomed.org/snomed-ct/getsnomed-ct or info@snomed.org."/><compose><include><system value="http://snomed.info/sct"/><filter><property value="concept"/><op value="descendent-of"/><value value="400177003"/></filter></include></compose></ValueSet>