<?xml version="1.0" encoding="UTF-8"?><ValueSet xmlns="http://hl7.org/fhir"><id value="type-of-randomization-ncit"/><text><status value="generated"/><div xmlns="http://www.w3.org/1999/xhtml"><p>This value set includes codes based on the following rules:</p><ul><li>Include these codes as defined in <code>http://ncicb.nci.nih.gov/xml/owl/EVS/Thesaurus.owl</code><table class="none"><tr><td style="white-space:nowrap"><b>Code</b></td><td><b>Display</b></td></tr><tr><td>C15417</td><td>Randomized Clinical Trial</td></tr><tr><td>C93043</td><td>Nonrandomized Clinical Trial</td></tr></table></li><li>Include codes from <code>http://ncicb.nci.nih.gov/xml/owl/EVS/Thesaurus.owl</code> where concept  descends from  C25196</li></ul></div></text><url value="https://www.vision-zero-oncology.de/fhir/ValueSet/type-of-randomization-ncit"/><version value="0.1.0"/><name value="VS_TypeOfRandomization_NCIT"/><title value="ValueSet Type of Randomization NCIt"/><status value="active"/><date value="2022-07-25T14:21:42+00:00"/><publisher value="Berlin Institute of Health at Charité (BIH)"/><contact><name value="Berlin Institute of Health at Charité (BIH)"/><telecom><system value="url"/><value value="https://www.bihealth.org/"/></telecom></contact><description value="Type of Randomization aus NCI Thesaurus (NCIt)"/><jurisdiction><coding><system value="urn:iso:std:iso:3166"/><code value="DEU"/></coding></jurisdiction><copyright value="NCI THESAURUS is a registered trademark of the National Cancer Institute."/><compose><include><system value="http://ncicb.nci.nih.gov/xml/owl/EVS/Thesaurus.owl"/><concept><code value="C15417"/><display value="Randomized Clinical Trial"/></concept><concept><code value="C93043"/><display value="Nonrandomized Clinical Trial"/></concept></include><include><system value="http://ncicb.nci.nih.gov/xml/owl/EVS/Thesaurus.owl"/><filter><property value="concept"/><op value="descendent-of"/><value value="C25196"/></filter></include></compose></ValueSet>