<?xml version="1.0" encoding="UTF-8"?><ValueSet xmlns="http://hl7.org/fhir"><id value="vs-tnm-r-classification-uicc"/><text><status value="generated"/><div xmlns="http://www.w3.org/1999/xhtml"><ul><li>Include these codes as defined in <code>urn:oid:2.16.840.1.113883.15.16</code><table class="none"><tr><td style="white-space:nowrap"><b>Code</b></td><td><b>Display</b></td></tr><tr><td>RX</td><td>RX</td></tr><tr><td>R0</td><td>R0</td></tr><tr><td>R1</td><td>R1</td></tr><tr><td>R2</td><td>R2</td></tr></table></li></ul></div></text><url value="https://www.vision-zero-oncology.de/fhir/ValueSet/tnm-r-classification-uicc"/><version value="0.1.0"/><name value="VS_TNM_R_Classification_UICC"/><title value="ValueSet TNM Residual Tumor (R) Classification UICC"/><status value="active"/><date value="2022-05-24T10:44:26+00:00"/><publisher value="Berlin Institute of Health at Charité (BIH)"/><contact><name value="Berlin Institute of Health at Charité (BIH)"/><telecom><system value="url"/><value value="https://www.bihealth.org/"/></telecom></contact><description value="This ValueSet contains the TNM residual tumor (R) classification codes from TNM 8th edition UICC."/><jurisdiction><coding><system value="urn:iso:std:iso:3166"/><code value="DEU"/></coding></jurisdiction><copyright value="CC-BY-SA-4.0"/><compose><include><system value="urn:oid:2.16.840.1.113883.15.16"/><concept><code value="RX"/><display value="RX"/></concept><concept><code value="R0"/><display value="R0"/></concept><concept><code value="R1"/><display value="R1"/></concept><concept><code value="R2"/><display value="R2"/></concept></include></compose></ValueSet>