{
  "resourceType" : "BodyStructure",
  "id" : "CerebellarSarcoma",
  "meta" : {
    "profile" : ["https://www.vision-zero-oncology.de/fhir/StructureDefinition/tumor"]
  },
  "text" : {
    "status" : "generated",
    "div" : "<div xmlns=\"http://www.w3.org/1999/xhtml\"><p><b>Generated Narrative: BodyStructure</b><a name=\"CerebellarSarcoma\"> </a></p><div style=\"display: inline-block; background-color: #d9e0e7; padding: 6px; margin: 4px; border: 1px solid #8da1b4; border-radius: 5px; line-height: 60%\"><p style=\"margin-bottom: 0px\">Resource BodyStructure &quot;CerebellarSarcoma&quot; </p><p style=\"margin-bottom: 0px\">Profile: <a href=\"StructureDefinition-tumor.html\">Tumor</a></p></div><p><b>morphology</b>: Cerebellar sarcoma (morphologic abnormality) <span style=\"background: LightGoldenRodYellow; margin: 4px; border: 1px solid khaki\"> (<a href=\"https://browser.ihtsdotools.org/\">SNOMED CT</a>#17302008)</span></p><p><b>location</b>: Structure of left cerebellar hemisphere (body structure) <span style=\"background: LightGoldenRodYellow; margin: 4px; border: 1px solid khaki\"> (<a href=\"https://browser.ihtsdotools.org/\">SNOMED CT</a>#1010600003)</span></p><p><b>patient</b>: <a href=\"Patient-ExamplePatient.html\">Patient/ExamplePatient</a> &quot; BACH&quot;</p></div>"
  },
  "morphology" : {
    "coding" : [{
      "system" : "http://snomed.info/sct",
      "code" : "17302008",
      "display" : "Cerebellar sarcoma (morphologic abnormality)"
    }]
  },
  "location" : {
    "coding" : [{
      "system" : "http://snomed.info/sct",
      "code" : "1010600003",
      "display" : "Structure of left cerebellar hemisphere (body structure)"
    }]
  },
  "patient" : {
    "reference" : "Patient/ExamplePatient"
  }
}