[
  {
    "id": "gold",
    "type": "ImplementationGuide",
    "url": "https://www.vision-zero-oncology.de/fhir/ImplementationGuide/gold",
    "version": "0.1.0",
    "name": "GOLD"
  },
  {
    "id": "ECOG",
    "type": "StructureDefinition",
    "url": "https://www.vision-zero-oncology.de/fhir/StructureDefinition/ECOG",
    "version": "0.1.0",
    "name": "ECOG"
  },
  {
    "id": "KarnofskyIndex",
    "type": "StructureDefinition",
    "url": "https://www.vision-zero-oncology.de/fhir/StructureDefinition/KarnofskyIndex",
    "version": "0.1.0",
    "name": "KarnofskyIndex"
  }
]