[
  {
    "id": "gold",
    "type": "ImplementationGuide",
    "url": "https://www.vision-zero-oncology.de/fhir/ImplementationGuide/gold",
    "version": "0.1.0",
    "name": "GOLD"
  },
  {
    "id": "sd-body-height",
    "type": "StructureDefinition",
    "url": "https://www.vision-zero-oncology.de/fhir/StructureDefinition/body-height",
    "version": "0.1.0",
    "name": "SD_Body_Height"
  },
  {
    "id": "sd-ecog-performance-status",
    "type": "StructureDefinition",
    "url": "https://www.vision-zero-oncology.de/fhir/StructureDefinition/ecog-performance-status",
    "version": "0.1.0",
    "name": "SD_ECOG_Performance_Status"
  },
  {
    "id": "sd-histologic-grade",
    "type": "StructureDefinition",
    "url": "https://www.vision-zero-oncology.de/fhir/StructureDefinition/histologic-grade",
    "version": "0.1.0",
    "name": "SD_Histologic_Grade"
  },
  {
    "id": "sd-histology-topography",
    "type": "StructureDefinition",
    "url": "https://www.vision-zero-oncology.de/fhir/StructureDefinition/histology-topography",
    "version": "0.1.0",
    "name": "SD_Histology_Topography"
  },
  {
    "id": "sd-karnofsky-performance-status",
    "type": "StructureDefinition",
    "url": "https://www.vision-zero-oncology.de/fhir/StructureDefinition/karnofsky-performance-status",
    "version": "0.1.0",
    "name": "SD_Karnofsky_Performance_Status"
  },
  {
    "id": "sd-vital-signs-base",
    "type": "StructureDefinition",
    "url": "https://www.vision-zero-oncology.de/fhir/StructureDefinition/vital-signs-base",
    "version": "0.1.0",
    "name": "SD_Vital_Signs_Base"
  },
  {
    "id": "vs-ecog-performance-status-snomed",
    "type": "ValueSet",
    "url": "https://www.vision-zero-oncology.de/fhir/ValueSet/vs-ecog-performance-status-snomed",
    "version": "0.1.0",
    "name": "VS_ECOG_Performance_Status_SNOMED"
  },
  {
    "id": "vs-histologic-grade-snomed",
    "type": "ValueSet",
    "url": "https://www.vision-zero-oncology.de/fhir/ValueSet/vs-histologic-grade-snomed",
    "version": "0.1.0",
    "name": "VS_Histologic_Grade_SNOMED"
  },
  {
    "id": "vs-morphology-icd-o-3",
    "type": "ValueSet",
    "url": "https://www.vision-zero-oncology.de/fhir/ValueSet/vs-morphology-icd-o-3",
    "version": "0.1.0",
    "name": "VS_Morphology_ICD_O_3"
  },
  {
    "id": "vs-morphology-snomed",
    "type": "ValueSet",
    "url": "https://www.vision-zero-oncology.de/fhir/ValueSet/vs-morphology-snomed",
    "version": "0.1.0",
    "name": "VS_Morphology_SNOMED"
  },
  {
    "id": "vs-topography-icd-o-3",
    "type": "ValueSet",
    "url": "https://www.vision-zero-oncology.de/fhir/ValueSet/vs-topography-icd-o-3",
    "version": "0.1.0",
    "name": "VS_Topography_ICD_O_3"
  },
  {
    "id": "vs-topography-snomed",
    "type": "ValueSet",
    "url": "https://www.vision-zero-oncology.de/fhir/ValueSet/vs-topography-snomed",
    "version": "0.1.0",
    "name": "VS_Topography_SNOMED"
  }
]