<?xml version="1.0" encoding="UTF-8"?>

<Condition xmlns="http://hl7.org/fhir">
  <id value="mamma-ca-rechts"/>
  <meta>
    <profile value="https://www.vision-zero-oncology.de/fhir/StructureDefinition/tumor-disorder"/>
  </meta>
  <text>
    <status value="generated"/><div xmlns="http://www.w3.org/1999/xhtml"><p><b>Generated Narrative</b></p><p><b>clinicalStatus</b>: <span title="Codes: {http://terminology.hl7.org/CodeSystem/condition-clinical active}">Active</span></p><p><b>verificationStatus</b>: <span title="Codes: {http://terminology.hl7.org/CodeSystem/condition-ver-status confirmed}">Confirmed</span></p><p><b>code</b>: <span title="Codes: {http://fhir.de/CodeSystem/bfarm/icd-10-gm C50.2}, {http://terminology.hl7.org/CodeSystem/icd-o-3 8500/3}">Bösartige Neubildung der Brustdrüse [Mamma] Oberer innerer Quadrant der Brustdrüse</span></p><p><b>bodySite</b>: <span title="Codes: {http://terminology.hl7.org/CodeSystem/icd-o-3 C50.2}">Oberer innerer Quadrant der Brust</span></p><p><b>subject</b>: <a href="https://simplifier.net/resolve?scope=de.basisprofil.r4@1.4.0&amp;canonical=http://fhir.org/packages/de.basisprofil.r4/Patient/example">Patient/example</a></p><p><b>onset</b>: 2019-09-17</p><p><b>recordedDate</b>: 2019-09-19</p><p><b>recorder</b>: <a href="https://simplifier.net/resolve?scope=de.basisprofil.r4@1.4.0&amp;canonical=http://fhir.org/packages/de.basisprofil.r4/Practitioner/dokumentar">Practitioner/dokumentar</a></p><p><b>asserter</b>: <a href="https://simplifier.net/resolve?scope=de.basisprofil.r4@1.4.0&amp;canonical=http://fhir.org/packages/de.basisprofil.r4/Practitioner/kliniker">Practitioner/kliniker</a></p><blockquote><p><b>stage</b></p><p><b>assessment</b>: <a href="https://simplifier.net/resolve?scope=de.basisprofil.r4@1.4.0&amp;canonical=http://fhir.org/packages/de.basisprofil.r4/Observation/tnm-cT2cN2cM1IV">Observation/tnm-cT2cN2cM1IV</a></p><p><b>type</b>: <span title="Codes: {http://snomed.info/sct 254293002}">Tumor-node-metastasis (TNM) tumor staging system (tumor staging)</span></p></blockquote><blockquote><p><b>stage</b></p><p><b>assessment</b>: <a href="https://simplifier.net/resolve?scope=de.basisprofil.r4@1.4.0&amp;canonical=http://fhir.org/packages/de.basisprofil.r4/Observation/G3">Observation/G3</a></p><p><b>type</b>: <span title="Codes: {http://snomed.info/sct 258244004}">Tumor histopathological grade status values (tumor staging)</span></p></blockquote><h3>Evidences</h3><table class="grid"><tr><td>-</td><td><b>Detail</b></td></tr><tr><td>*</td><td><a href="https://simplifier.net/resolve?scope=de.basisprofil.r4@1.4.0&amp;canonical=http://fhir.org/packages/de.basisprofil.r4/DiagnosticReport/pathologie">DiagnosticReport/pathologie</a></td></tr></table></div>
  </text>
  <clinicalStatus>
    <coding>
      <system value="http://terminology.hl7.org/CodeSystem/condition-clinical"/>
      <code value="active"/>
    </coding>
  </clinicalStatus>
  <verificationStatus>
    <coding>
      <system value="http://terminology.hl7.org/CodeSystem/condition-ver-status"/>
      <code value="confirmed"/>
    </coding>
  </verificationStatus>
  <code>
    <coding>
      <extension url="http://fhir.de/StructureDefinition/seitenlokalisation">
        <valueCoding>
          <system value="https://fhir.kbv.de/CodeSystem/KBV_CS_SFHIR_ICD_SEITENLOKALISATION"/>
          <code value="R"/>
          <display value="Rechts"/>
        </valueCoding>
      </extension>
      <system value="http://fhir.de/CodeSystem/bfarm/icd-10-gm"/>
      <version value="2019"/>
      <code value="C50.2"/>
      <display value="Bösartige Neubildung der Brustdrüse [Mamma] Oberer innerer Quadrant der Brustdrüse"/>
    </coding>
    <coding>
      <extension url="https://www.vision-zero-oncology.de/fhir/StructureDefinition/diagnosesicherung-icd-o">
        <valueCodeableConcept>
          <coding>
            <system value="https://www.vision-zero-oncology.de/fhir/CodeSystem/cs-diagnosesicherung-icdo3"/>
            <code value="7"/>
            <display value="Histologische Untersuchung eines Primärtumors"/>
          </coding>
        </valueCodeableConcept>
      </extension>
      <system value="http://terminology.hl7.org/CodeSystem/icd-o-3"/>
      <version value="2019"/>
      <code value="8500/3"/>
      <display value="Invasives duktales Karzinom o.n.A."/>
    </coding>
  </code>
  <bodySite>
    <coding>
      <system value="http://terminology.hl7.org/CodeSystem/icd-o-3"/>
      <version value="2019"/>
      <code value="C50.2"/>
      <display value="Oberer innerer Quadrant der Brust"/>
    </coding>
  </bodySite>
  <subject>
    <reference value="Patient/example"/>
  </subject>
  <onsetDateTime value="2019-09-17"/>
  <recordedDate value="2019-09-19"/>
  <recorder>
    <reference value="Practitioner/dokumentar"/>
  </recorder>
  <asserter>
    <reference value="Practitioner/kliniker"/>
  </asserter>
  <stage>
    <assessment>
      <reference value="Observation/tnm-cT2cN2cM1IV"/>
    </assessment>
    <type>
      <coding>
        <system value="http://snomed.info/sct"/>
        <code value="254293002"/>
        <display value="Tumor-node-metastasis (TNM) tumor staging system (tumor staging)"/>
      </coding>
    </type>
  </stage>
  <stage>
    <assessment>
      <reference value="Observation/G3"/>
    </assessment>
    <type>
      <coding>
        <system value="http://snomed.info/sct"/>
        <code value="258244004"/>
        <display value="Tumor histopathological grade status values (tumor staging)"/>
      </coding>
    </type>
  </stage>
  <evidence>
    <detail>
      <reference value="DiagnosticReport/pathologie"/>
    </detail>
  </evidence>
</Condition>