<?xml version="1.0" encoding="UTF-8"?>

<Observation xmlns="http://hl7.org/fhir">
  <id value="example-histologic-grade"/>
  <meta>
    <profile value="https://www.vision-zero-oncology.de/fhir/StructureDefinition/histopathological-grading-who"/>
  </meta>
  <text>
    <status value="generated"/><div xmlns="http://www.w3.org/1999/xhtml"><p><b>Generated Narrative</b></p><p></p><p><b>category</b>: <span title="Codes: {http://terminology.hl7.org/CodeSystem/observation-category laboratory}">Laboratory</span></p><p><b>code</b>: <span title="Codes: {http://loinc.org 33732-9}, {http://snomed.info/sct 371469007}">Histology grade [Identifier] in Cancer specimen</span></p><p><b>subject</b>: <a href="Patient-ExamplePatient.html">Generated Summary: active: true; Sebastian Bach (OFFICIAL); gender: male; birthDate: 1985-03-31</a></p><p><b>effective</b>: 2022-03-07</p><p><b>value</b>: <span title="Codes: {http://snomed.info/sct 54102005}">G1 grade (finding)</span></p></div>
  </text>
  <status value="final"/>
  <category>
    <coding>
      <system value="http://terminology.hl7.org/CodeSystem/observation-category"/>
      <code value="laboratory"/>
    </coding>
  </category>
  <code>
    <coding>
      <system value="http://loinc.org"/>
      <code value="33732-9"/>
      <display value="Histology grade [Identifier] in Cancer specimen"/>
    </coding>
    <coding>
      <system value="http://snomed.info/sct"/>
      <code value="371469007"/>
      <display value="Histologic grade of neoplasm (observable entity)"/>
    </coding>
  </code>
  <subject>
    <reference value="Patient/ExamplePatient"/>
  </subject>
  <effectiveDateTime value="2022-03-07"/>
  <valueCodeableConcept>
    <coding>
      <system value="http://snomed.info/sct"/>
      <code value="54102005"/>
      <display value="G1 grade (finding)"/>
    </coding>
  </valueCodeableConcept>
</Observation>