{
  "resourceType": "Observation",
  "id": "example-tnm-ypT1bpN139snL0V0Pn1cM0R0",
  "meta": {
    "profile": [
      "https://www.vision-zero-oncology.de/fhir/StructureDefinition/uicc-tnm"
    ]
  },
  "text": {
    "status": "extensions",
    "div": "<div xmlns=\"http://www.w3.org/1999/xhtml\"><p><b>Generated Narrative</b></p><p></p><p><b>code</b>: <span title=\"Codes: {http://snomed.info/sct 258235000}, {http://loinc.org 21902-2}\">International Union Against Cancer (tumor staging)</span></p><p><b>subject</b>: <a href=\"Patient-ExamplePatient.html\">Generated Summary: active: true; Sebastian Bach (OFFICIAL); gender: male; birthDate: 1985-03-31</a></p><p><b>effective</b>: 2022-03-07</p><p><b>value</b>: <span title=\"Codes: {urn:oid:2.16.840.1.113883.15.16 IIIB}\">Stage IIIB</span></p><p><b>hasMember</b>: <a href=\"Observation-example-tnm-R0.html\">Generated Summary: <span title=\"Codes: {http://loinc.org 84892-9}, {http://snomed.info/sct 17964000}\">Residual tumor classification [Type] in Cancer specimen</span>; effective: 2022-03-07; <span title=\"Codes: {urn:oid:2.16.840.1.113883.15.16 R0}\">R0</span></a></p><blockquote><p><b>component</b></p><p><b>code</b>: <span title=\"Codes: {http://snomed.info/sct 277649004}\">y - During therapy/following treatment (tumor staging)</span></p><p><b>value</b>: <span title=\"Codes: {urn:oid:2.16.840.1.113883.15.16 y}\">y</span></p></blockquote><blockquote><p><b>component</b></p><p><b>Extension UICC TNM Prefix CPU</b>: <span title=\"Codes: {urn:oid:2.16.840.1.113883.15.16 p}\">p</span></p><p><b>code</b>: <span title=\"Codes: {http://loinc.org 21899-0}\">Primary tumor.pathology Cancer</span></p><p><b>value</b>: <span title=\"Codes: {urn:oid:2.16.840.1.113883.15.16 T1b}\">T1b</span></p></blockquote><blockquote><p><b>component</b></p><p><b>Extension UICC TNM Prefix CPU</b>: <span title=\"Codes: {urn:oid:2.16.840.1.113883.15.16 p}\">p</span></p><p><b>Extension UICC TNM Suffix ITC SN</b>: <span title=\"Codes: {urn:oid:2.16.840.1.113883.15.16 sn}\">(sn)</span></p><p><b>code</b>: <span title=\"Codes: {http://loinc.org 21900-6}\">Regional lymph nodes.pathology [Class] Cancer</span></p><p><b>value</b>: <span title=\"Codes: {urn:oid:2.16.840.1.113883.15.16 N0}\">N1</span></p></blockquote><blockquote><p><b>component</b></p><p><b>Extension UICC TNM Prefix CPU</b>: <span title=\"Codes: {urn:oid:2.16.840.1.113883.15.16 c}\">c</span></p><p><b>code</b>: <span title=\"Codes: {http://loinc.org 21907-1}\">Distant metastases.clinical [Class] Cancer</span></p><p><b>value</b>: <span title=\"Codes: {urn:oid:2.16.840.1.113883.15.16 M0}\">M0</span></p></blockquote><blockquote><p><b>component</b></p><p><b>code</b>: <span title=\"Codes: {http://loinc.org 33739-4}\">Lymphatic.small vessel.invasion [Identifier] in Specimen by CAP cancer protocols</span></p><p><b>value</b>: <span title=\"Codes: {urn:oid:2.16.840.1.113883.15.16 L0}\">L0</span></p></blockquote><blockquote><p><b>component</b></p><p><b>code</b>: <span title=\"Codes: {http://loinc.org 33740-2}\">Venous.large vessel.invasion [Identifier] in Specimen by CAP cancer protocols</span></p><p><b>value</b>: <span title=\"Codes: {urn:oid:2.16.840.1.113883.15.16 V0}\">V0</span></p></blockquote><blockquote><p><b>component</b></p><p><b>code</b>: <span title=\"Codes: {http://loinc.org 92837-4}\">Perineural invasion [Presence] in Cancer specimen</span></p><p><b>value</b>: <span title=\"Codes: {urn:oid:2.16.840.1.113883.15.16 Pn1}\">Pn1</span></p></blockquote><blockquote><p><b>component</b></p><p><b>code</b>: <span title=\"Codes: {http://loinc.org 21893-3}\">Regional lymph nodes positive [#] Specimen</span></p><p><b>value</b>: 3 1</p></blockquote><blockquote><p><b>component</b></p><p><b>code</b>: <span title=\"Codes: {http://loinc.org 21894-1}\">Regional lymph nodes examined [#] Specimen</span></p><p><b>value</b>: 9 1</p></blockquote></div>"
  },
  "status": "final",
  "code": {
    "coding": [
      {
        "system": "http://snomed.info/sct",
        "code": "258235000",
        "display": "International Union Against Cancer (tumor staging)"
      },
      {
        "system": "http://loinc.org",
        "code": "21902-2",
        "display": "Stage group.pathology Cancer"
      }
    ]
  },
  "subject": {
    "reference": "Patient/ExamplePatient"
  },
  "effectiveDateTime": "2022-03-07",
  "valueCodeableConcept": {
    "coding": [
      {
        "system": "urn:oid:2.16.840.1.113883.15.16",
        "code": "IIIB",
        "display": "Stage IIIB"
      }
    ]
  },
  "hasMember": [
    {
      "reference": "Observation/example-tnm-R0"
    }
  ],
  "component": [
    {
      "code": {
        "coding": [
          {
            "system": "http://snomed.info/sct",
            "code": "277649004",
            "display": "y - During therapy/following treatment (tumor staging)"
          }
        ]
      },
      "valueCodeableConcept": {
        "coding": [
          {
            "system": "urn:oid:2.16.840.1.113883.15.16",
            "code": "y",
            "display": "y"
          }
        ]
      }
    },
    {
      "extension": [
        {
          "url": "https://www.vision-zero-oncology.de/fhir/StructureDefinition/uicc-tnm-prefix-cpu",
          "valueCodeableConcept": {
            "coding": [
              {
                "system": "urn:oid:2.16.840.1.113883.15.16",
                "code": "p",
                "display": "p"
              }
            ]
          }
        }
      ],
      "code": {
        "coding": [
          {
            "system": "http://loinc.org",
            "code": "21899-0",
            "display": "Primary tumor.pathology Cancer"
          }
        ]
      },
      "valueCodeableConcept": {
        "coding": [
          {
            "system": "urn:oid:2.16.840.1.113883.15.16",
            "code": "T1b",
            "display": "T1b"
          }
        ]
      }
    },
    {
      "extension": [
        {
          "url": "https://www.vision-zero-oncology.de/fhir/StructureDefinition/uicc-tnm-prefix-cpu",
          "valueCodeableConcept": {
            "coding": [
              {
                "system": "urn:oid:2.16.840.1.113883.15.16",
                "code": "p",
                "display": "p"
              }
            ]
          }
        },
        {
          "url": "https://www.vision-zero-oncology.de/fhir/StructureDefinition/uicc-tnm-suffix-itc-sn",
          "valueCodeableConcept": {
            "coding": [
              {
                "system": "urn:oid:2.16.840.1.113883.15.16",
                "code": "sn",
                "display": "(sn)"
              }
            ]
          }
        }
      ],
      "code": {
        "coding": [
          {
            "system": "http://loinc.org",
            "code": "21900-6",
            "display": "Regional lymph nodes.pathology [Class] Cancer"
          }
        ]
      },
      "valueCodeableConcept": {
        "coding": [
          {
            "system": "urn:oid:2.16.840.1.113883.15.16",
            "code": "N0",
            "display": "N1"
          }
        ]
      }
    },
    {
      "extension": [
        {
          "url": "https://www.vision-zero-oncology.de/fhir/StructureDefinition/uicc-tnm-prefix-cpu",
          "valueCodeableConcept": {
            "coding": [
              {
                "system": "urn:oid:2.16.840.1.113883.15.16",
                "code": "c",
                "display": "c"
              }
            ]
          }
        }
      ],
      "code": {
        "coding": [
          {
            "system": "http://loinc.org",
            "code": "21907-1",
            "display": "Distant metastases.clinical [Class] Cancer"
          }
        ]
      },
      "valueCodeableConcept": {
        "coding": [
          {
            "system": "urn:oid:2.16.840.1.113883.15.16",
            "code": "M0",
            "display": "M0"
          }
        ]
      }
    },
    {
      "code": {
        "coding": [
          {
            "system": "http://loinc.org",
            "code": "33739-4",
            "display": "Lymphatic.small vessel.invasion [Identifier] in Specimen by CAP cancer protocols"
          }
        ]
      },
      "valueCodeableConcept": {
        "coding": [
          {
            "system": "urn:oid:2.16.840.1.113883.15.16",
            "code": "L0",
            "display": "L0"
          }
        ]
      }
    },
    {
      "code": {
        "coding": [
          {
            "system": "http://loinc.org",
            "code": "33740-2",
            "display": "Venous.large vessel.invasion [Identifier] in Specimen by CAP cancer protocols"
          }
        ]
      },
      "valueCodeableConcept": {
        "coding": [
          {
            "system": "urn:oid:2.16.840.1.113883.15.16",
            "code": "V0",
            "display": "V0"
          }
        ]
      }
    },
    {
      "code": {
        "coding": [
          {
            "system": "http://loinc.org",
            "code": "92837-4",
            "display": "Perineural invasion [Presence] in Cancer specimen"
          }
        ]
      },
      "valueCodeableConcept": {
        "coding": [
          {
            "system": "urn:oid:2.16.840.1.113883.15.16",
            "code": "Pn1",
            "display": "Pn1"
          }
        ]
      }
    },
    {
      "code": {
        "coding": [
          {
            "system": "http://loinc.org",
            "code": "21893-3",
            "display": "Regional lymph nodes positive [#] Specimen"
          }
        ]
      },
      "valueQuantity": {
        "value": 3,
        "system": "http://unitsofmeasure.org",
        "code": "1"
      }
    },
    {
      "code": {
        "coding": [
          {
            "system": "http://loinc.org",
            "code": "21894-1",
            "display": "Regional lymph nodes examined [#] Specimen"
          }
        ]
      },
      "valueQuantity": {
        "value": 9,
        "system": "http://unitsofmeasure.org",
        "code": "1"
      }
    }
  ]
}