<?xml version="1.0" encoding="UTF-8"?>

<Observation xmlns="http://hl7.org/fhir">
  <id value="example-tnm-ypT1bpN139snL0V0Pn1cM0R0"/>
  <meta>
    <profile value="https://www.vision-zero-oncology.de/fhir/StructureDefinition/uicc-tnm"/>
  </meta>
  <text>
    <status value="extensions"/><div xmlns="http://www.w3.org/1999/xhtml"><p><b>Generated Narrative</b></p><p></p><p><b>code</b>: <span title="Codes: {http://snomed.info/sct 258235000}, {http://loinc.org 21902-2}">International Union Against Cancer (tumor staging)</span></p><p><b>subject</b>: <a href="Patient-ExamplePatient.html">Generated Summary: active: true; Sebastian Bach (OFFICIAL); gender: male; birthDate: 1985-03-31</a></p><p><b>effective</b>: 2022-03-07</p><p><b>value</b>: <span title="Codes: {urn:oid:2.16.840.1.113883.15.16 IIIB}">Stage IIIB</span></p><p><b>hasMember</b>: <a href="Observation-example-tnm-R0.html">Generated Summary: <span title="Codes: {http://loinc.org 84892-9}, {http://snomed.info/sct 17964000}">Residual tumor classification [Type] in Cancer specimen</span>; effective: 2022-03-07; <span title="Codes: {urn:oid:2.16.840.1.113883.15.16 R0}">R0</span></a></p><blockquote><p><b>component</b></p><p><b>code</b>: <span title="Codes: {http://snomed.info/sct 277649004}">y - During therapy/following treatment (tumor staging)</span></p><p><b>value</b>: <span title="Codes: {urn:oid:2.16.840.1.113883.15.16 y}">y</span></p></blockquote><blockquote><p><b>component</b></p><p><b>Extension UICC TNM Prefix CPU</b>: <span title="Codes: {urn:oid:2.16.840.1.113883.15.16 p}">p</span></p><p><b>code</b>: <span title="Codes: {http://loinc.org 21899-0}">Primary tumor.pathology Cancer</span></p><p><b>value</b>: <span title="Codes: {urn:oid:2.16.840.1.113883.15.16 T1b}">T1b</span></p></blockquote><blockquote><p><b>component</b></p><p><b>Extension UICC TNM Prefix CPU</b>: <span title="Codes: {urn:oid:2.16.840.1.113883.15.16 p}">p</span></p><p><b>Extension UICC TNM Suffix ITC SN</b>: <span title="Codes: {urn:oid:2.16.840.1.113883.15.16 sn}">(sn)</span></p><p><b>code</b>: <span title="Codes: {http://loinc.org 21900-6}">Regional lymph nodes.pathology [Class] Cancer</span></p><p><b>value</b>: <span title="Codes: {urn:oid:2.16.840.1.113883.15.16 N0}">N1</span></p></blockquote><blockquote><p><b>component</b></p><p><b>Extension UICC TNM Prefix CPU</b>: <span title="Codes: {urn:oid:2.16.840.1.113883.15.16 c}">c</span></p><p><b>code</b>: <span title="Codes: {http://loinc.org 21907-1}">Distant metastases.clinical [Class] Cancer</span></p><p><b>value</b>: <span title="Codes: {urn:oid:2.16.840.1.113883.15.16 M0}">M0</span></p></blockquote><blockquote><p><b>component</b></p><p><b>code</b>: <span title="Codes: {http://loinc.org 33739-4}">Lymphatic.small vessel.invasion [Identifier] in Specimen by CAP cancer protocols</span></p><p><b>value</b>: <span title="Codes: {urn:oid:2.16.840.1.113883.15.16 L0}">L0</span></p></blockquote><blockquote><p><b>component</b></p><p><b>code</b>: <span title="Codes: {http://loinc.org 33740-2}">Venous.large vessel.invasion [Identifier] in Specimen by CAP cancer protocols</span></p><p><b>value</b>: <span title="Codes: {urn:oid:2.16.840.1.113883.15.16 V0}">V0</span></p></blockquote><blockquote><p><b>component</b></p><p><b>code</b>: <span title="Codes: {http://loinc.org 92837-4}">Perineural invasion [Presence] in Cancer specimen</span></p><p><b>value</b>: <span title="Codes: {urn:oid:2.16.840.1.113883.15.16 Pn1}">Pn1</span></p></blockquote><blockquote><p><b>component</b></p><p><b>code</b>: <span title="Codes: {http://loinc.org 21893-3}">Regional lymph nodes positive [#] Specimen</span></p><p><b>value</b>: 3 1</p></blockquote><blockquote><p><b>component</b></p><p><b>code</b>: <span title="Codes: {http://loinc.org 21894-1}">Regional lymph nodes examined [#] Specimen</span></p><p><b>value</b>: 9 1</p></blockquote></div>
  </text>
  <status value="final"/>
  <code>
    <coding>
      <system value="http://snomed.info/sct"/>
      <code value="258235000"/>
      <display value="International Union Against Cancer (tumor staging)"/>
    </coding>
    <coding>
      <system value="http://loinc.org"/>
      <code value="21902-2"/>
      <display value="Stage group.pathology Cancer"/>
    </coding>
  </code>
  <subject>
    <reference value="Patient/ExamplePatient"/>
  </subject>
  <effectiveDateTime value="2022-03-07"/>
  <valueCodeableConcept>
    <coding>
      <system value="urn:oid:2.16.840.1.113883.15.16"/>
      <code value="IIIB"/>
      <display value="Stage IIIB"/>
    </coding>
  </valueCodeableConcept>
  <hasMember>
    <reference value="Observation/example-tnm-R0"/>
  </hasMember>
  <component>
    <code>
      <coding>
        <system value="http://snomed.info/sct"/>
        <code value="277649004"/>
        <display value="y - During therapy/following treatment (tumor staging)"/>
      </coding>
    </code>
    <valueCodeableConcept>
      <coding>
        <system value="urn:oid:2.16.840.1.113883.15.16"/>
        <code value="y"/>
        <display value="y"/>
      </coding>
    </valueCodeableConcept>
  </component>
  <component>
    <extension url="https://www.vision-zero-oncology.de/fhir/StructureDefinition/uicc-tnm-prefix-cpu">
      <valueCodeableConcept>
        <coding>
          <system value="urn:oid:2.16.840.1.113883.15.16"/>
          <code value="p"/>
          <display value="p"/>
        </coding>
      </valueCodeableConcept>
    </extension>
    <code>
      <coding>
        <system value="http://loinc.org"/>
        <code value="21899-0"/>
        <display value="Primary tumor.pathology Cancer"/>
      </coding>
    </code>
    <valueCodeableConcept>
      <coding>
        <system value="urn:oid:2.16.840.1.113883.15.16"/>
        <code value="T1b"/>
        <display value="T1b"/>
      </coding>
    </valueCodeableConcept>
  </component>
  <component>
    <extension url="https://www.vision-zero-oncology.de/fhir/StructureDefinition/uicc-tnm-prefix-cpu">
      <valueCodeableConcept>
        <coding>
          <system value="urn:oid:2.16.840.1.113883.15.16"/>
          <code value="p"/>
          <display value="p"/>
        </coding>
      </valueCodeableConcept>
    </extension>
    <extension url="https://www.vision-zero-oncology.de/fhir/StructureDefinition/uicc-tnm-suffix-itc-sn">
      <valueCodeableConcept>
        <coding>
          <system value="urn:oid:2.16.840.1.113883.15.16"/>
          <code value="sn"/>
          <display value="(sn)"/>
        </coding>
      </valueCodeableConcept>
    </extension>
    <code>
      <coding>
        <system value="http://loinc.org"/>
        <code value="21900-6"/>
        <display value="Regional lymph nodes.pathology [Class] Cancer"/>
      </coding>
    </code>
    <valueCodeableConcept>
      <coding>
        <system value="urn:oid:2.16.840.1.113883.15.16"/>
        <code value="N0"/>
        <display value="N1"/>
      </coding>
    </valueCodeableConcept>
  </component>
  <component>
    <extension url="https://www.vision-zero-oncology.de/fhir/StructureDefinition/uicc-tnm-prefix-cpu">
      <valueCodeableConcept>
        <coding>
          <system value="urn:oid:2.16.840.1.113883.15.16"/>
          <code value="c"/>
          <display value="c"/>
        </coding>
      </valueCodeableConcept>
    </extension>
    <code>
      <coding>
        <system value="http://loinc.org"/>
        <code value="21907-1"/>
        <display value="Distant metastases.clinical [Class] Cancer"/>
      </coding>
    </code>
    <valueCodeableConcept>
      <coding>
        <system value="urn:oid:2.16.840.1.113883.15.16"/>
        <code value="M0"/>
        <display value="M0"/>
      </coding>
    </valueCodeableConcept>
  </component>
  <component>
    <code>
      <coding>
        <system value="http://loinc.org"/>
        <code value="33739-4"/>
        <display value="Lymphatic.small vessel.invasion [Identifier] in Specimen by CAP cancer protocols"/>
      </coding>
    </code>
    <valueCodeableConcept>
      <coding>
        <system value="urn:oid:2.16.840.1.113883.15.16"/>
        <code value="L0"/>
        <display value="L0"/>
      </coding>
    </valueCodeableConcept>
  </component>
  <component>
    <code>
      <coding>
        <system value="http://loinc.org"/>
        <code value="33740-2"/>
        <display value="Venous.large vessel.invasion [Identifier] in Specimen by CAP cancer protocols"/>
      </coding>
    </code>
    <valueCodeableConcept>
      <coding>
        <system value="urn:oid:2.16.840.1.113883.15.16"/>
        <code value="V0"/>
        <display value="V0"/>
      </coding>
    </valueCodeableConcept>
  </component>
  <component>
    <code>
      <coding>
        <system value="http://loinc.org"/>
        <code value="92837-4"/>
        <display value="Perineural invasion [Presence] in Cancer specimen"/>
      </coding>
    </code>
    <valueCodeableConcept>
      <coding>
        <system value="urn:oid:2.16.840.1.113883.15.16"/>
        <code value="Pn1"/>
        <display value="Pn1"/>
      </coding>
    </valueCodeableConcept>
  </component>
  <component>
    <code>
      <coding>
        <system value="http://loinc.org"/>
        <code value="21893-3"/>
        <display value="Regional lymph nodes positive [#] Specimen"/>
      </coding>
    </code>
    <valueQuantity>
      <value value="3"/>
      <system value="http://unitsofmeasure.org"/>
      <code value="1"/>
    </valueQuantity>
  </component>
  <component>
    <code>
      <coding>
        <system value="http://loinc.org"/>
        <code value="21894-1"/>
        <display value="Regional lymph nodes examined [#] Specimen"/>
      </coding>
    </code>
    <valueQuantity>
      <value value="9"/>
      <system value="http://unitsofmeasure.org"/>
      <code value="1"/>
    </valueQuantity>
  </component>
</Observation>