<?xml version="1.0" encoding="UTF-8"?>

<Observation xmlns="http://hl7.org/fhir">
  <id value="example-histologic-grade"/>
  <meta>
    <profile value="https://www.vision-zero-oncology.de/fhir/StructureDefinition/histopathological-grading-who"/>
  </meta>
  <text>
    <status value="generated"/><div xmlns="http://www.w3.org/1999/xhtml"><p><b>Generated Narrative: Observation</b><a name="example-histologic-grade"> </a></p><div style="display: inline-block; background-color: #d9e0e7; padding: 6px; margin: 4px; border: 1px solid #8da1b4; border-radius: 5px; line-height: 60%"><p style="margin-bottom: 0px">Resource Observation &quot;example-histologic-grade&quot; </p><p style="margin-bottom: 0px">Profile: <a href="StructureDefinition-histopathological-grading-who.html">Profile Histopathological Tumor Grading WHO</a></p></div><p><b>status</b>: final</p><p><b>category</b>: Laboratory <span style="background: LightGoldenRodYellow; margin: 4px; border: 1px solid khaki"> (<a href="http://terminology.hl7.org/5.0.0/CodeSystem-observation-category.html">Observation Category Codes</a>#laboratory)</span></p><p><b>code</b>: Histology grade [Identifier] in Cancer specimen <span style="background: LightGoldenRodYellow; margin: 4px; border: 1px solid khaki"> (<a href="https://loinc.org/">LOINC</a>#33732-9; <a href="https://browser.ihtsdotools.org/">SNOMED CT</a>#371469007 &quot;Histologic grade of neoplasm (observable entity)&quot;)</span></p><p><b>subject</b>: <a href="Patient-ExamplePatient.html">Patient/ExamplePatient</a> &quot; BACH&quot;</p><p><b>effective</b>: 2022-03-07</p><p><b>value</b>: G1 grade (finding) <span style="background: LightGoldenRodYellow; margin: 4px; border: 1px solid khaki"> (<a href="https://browser.ihtsdotools.org/">SNOMED CT</a>#54102005)</span></p></div>
  </text>
  <status value="final"/>
  <category>
    <coding>
      <system value="http://terminology.hl7.org/CodeSystem/observation-category"/>
      <code value="laboratory"/>
    </coding>
  </category>
  <code>
    <coding>
      <system value="http://loinc.org"/>
      <code value="33732-9"/>
      <display value="Histology grade [Identifier] in Cancer specimen"/>
    </coding>
    <coding>
      <system value="http://snomed.info/sct"/>
      <code value="371469007"/>
      <display value="Histologic grade of neoplasm (observable entity)"/>
    </coding>
  </code>
  <subject>
    <reference value="Patient/ExamplePatient"/>
  </subject>
  <effectiveDateTime value="2022-03-07"/>
  <valueCodeableConcept>
    <coding>
      <system value="http://snomed.info/sct"/>
      <code value="54102005"/>
      <display value="G1 grade (finding)"/>
    </coding>
  </valueCodeableConcept>
</Observation>