<?xml version="1.0" encoding="UTF-8"?>

<Observation xmlns="http://hl7.org/fhir">
  <id value="tumor-size-pathology"/>
  <meta>
    <profile value="https://www.vision-zero-oncology.de/fhir/StructureDefinition/tumor-measurement"/>
  </meta>
  <text>
    <status value="generated"/><div xmlns="http://www.w3.org/1999/xhtml"><p><b>Generated Narrative: Observation</b><a name="tumor-size-pathology"> </a></p><div style="display: inline-block; background-color: #d9e0e7; padding: 6px; margin: 4px; border: 1px solid #8da1b4; border-radius: 5px; line-height: 60%"><p style="margin-bottom: 0px">Resource Observation &quot;tumor-size-pathology&quot; </p><p style="margin-bottom: 0px">Profile: <a href="StructureDefinition-tumor-measurement.html">Profile Tumor Measurment</a></p></div><p><b>status</b>: final</p><p><b>code</b>: Size Tumor <span style="background: LightGoldenRodYellow; margin: 4px; border: 1px solid khaki"> (<a href="https://loinc.org/">LOINC</a>#21889-1)</span></p><p><b>subject</b>: <a href="https://simplifier.net/resolve?scope=de.basisprofil.r4@1.4.0&amp;canonical=http://fhir.org/packages/de.basisprofil.r4/Patient/cancer-patient-eve-anyperson">Patient/cancer-patient-eve-anyperson</a></p><p><b>effective</b>: 2019-05-01</p><p><b>method</b>: Gross examination and sampling of tissue specimen (procedure) <span style="background: LightGoldenRodYellow; margin: 4px; border: 1px solid khaki"> (<a href="https://browser.ihtsdotools.org/">SNOMED CT</a>#787377000)</span></p><p><b>specimen</b>: <a href="https://simplifier.net/resolve?scope=de.basisprofil.r4@1.4.0&amp;canonical=http://fhir.org/packages/de.basisprofil.r4/Tumor/any-specimen-of-patient-eve-anyperson">Tumor/any-specimen-of-patient-eve-anyperson</a></p><blockquote><p><b>component</b></p><p><b>code</b>: Size.maximum dimension in Tumor <span style="background: LightGoldenRodYellow; margin: 4px; border: 1px solid khaki"> (<a href="https://loinc.org/">LOINC</a>#33728-7)</span></p><p><b>value</b>: 12 mm<span style="background: LightGoldenRodYellow"> (Details: UCUM code mm = 'mm')</span></p></blockquote><blockquote><p><b>component</b></p><p><b>code</b>: Volume of the Tumor <span style="background: LightGoldenRodYellow; margin: 4px; border: 1px solid khaki"> (<a href="https://loinc.org/">LOINC</a>#33729-5)</span></p><p><b>value</b>: 1000 mm²<span style="background: LightGoldenRodYellow"> (Details: UCUM code mm² = 'mm²')</span></p></blockquote></div>
  </text>
  <status value="final"/>
  <code>
    <coding>
      <system value="http://loinc.org"/>
      <code value="21889-1"/>
      <display value="Size Tumor"/>
    </coding>
  </code>
  <subject>
    <reference value="Patient/cancer-patient-eve-anyperson"/>
  </subject>
  <effectiveDateTime value="2019-05-01"/>
  <method>
    <coding>
      <system value="http://snomed.info/sct"/>
      <code value="787377000"/>
      <display value="Gross examination and sampling of tissue specimen (procedure)"/>
    </coding>
  </method>
  <specimen>
    <reference value="Tumor/any-specimen-of-patient-eve-anyperson"/>
  </specimen>
  <component>
    <code>
      <coding>
        <system value="http://loinc.org"/>
        <code value="33728-7"/>
        <display value="Size.maximum dimension in Tumor"/>
      </coding>
    </code>
    <valueQuantity>
      <value value="12"/>
      <unit value="mm"/>
      <system value="http://unitsofmeasure.org"/>
      <code value="mm"/>
    </valueQuantity>
  </component>
  <component>
    <code>
      <coding>
        <system value="http://loinc.org"/>
        <code value="33729-5"/>
        <display value="Volume of the Tumor"/>
      </coding>
    </code>
    <valueQuantity>
      <value value="1000"/>
      <unit value="mm²"/>
      <system value="http://unitsofmeasure.org"/>
      <code value="mm²"/>
    </valueQuantity>
  </component>
</Observation>