<?xml version="1.0" encoding="UTF-8"?>

<Observation xmlns="http://hl7.org/fhir">
  <id value="example-karnofsky-performance-status"/>
  <meta>
    <profile value="https://www.vision-zero-oncology.de/fhir/StructureDefinition/karnofsky-performance-status"/>
  </meta>
  <text>
    <status value="generated"/><div xmlns="http://www.w3.org/1999/xhtml"><p><b>Generated Narrative</b></p><p></p><p><b>category</b>: <span title="Codes: {http://terminology.hl7.org/CodeSystem/observation-category survey}">Survey</span></p><p><b>code</b>: <span title="Codes: {http://loinc.org 89243-0}, {http://snomed.info/sct 761869008}">Karnofsky Performance Status score</span></p><p><b>subject</b>: <a href="Patient-ExamplePatient.html">Generated Summary: active: true; Sebastian Bach (OFFICIAL); gender: male; birthDate: 1685-03-31</a></p><p><b>effective</b>: 2022-03-07</p><p><b>value</b>: <span title="Codes: {http://loinc.org LA29177-5}">Normal activity with effort; some signs or symptoms of disease</span></p></div>
  </text>
  <status value="final"/>
  <category>
    <coding>
      <system value="http://terminology.hl7.org/CodeSystem/observation-category"/>
      <code value="survey"/>
    </coding>
  </category>
  <code>
    <coding>
      <system value="http://loinc.org"/>
      <code value="89243-0"/>
      <display value="Karnofsky Performance Status score"/>
    </coding>
    <coding>
      <system value="http://snomed.info/sct"/>
      <code value="761869008"/>
      <display value="Karnofsky Performance Status score (observable entity)"/>
    </coding>
  </code>
  <subject>
    <reference value="Patient/ExamplePatient"/>
  </subject>
  <effectiveDateTime value="2022-03-07"/>
  <valueCodeableConcept>
    <coding>
      <system value="http://loinc.org"/>
      <code value="LA29177-5"/>
      <display value="Normal activity with effort; some signs or symptoms of disease"/>
    </coding>
  </valueCodeableConcept>
</Observation>