<?xml version="1.0" encoding="UTF-8"?>

<Observation xmlns="http://hl7.org/fhir">
  <id value="example-tnm-rpT3mpN0icM0R1is"/>
  <meta>
    <profile value="https://www.vision-zero-oncology.de/fhir/StructureDefinition/uicc-tnm"/>
  </meta>
  <text>
    <status value="extensions"/><div xmlns="http://www.w3.org/1999/xhtml"><p><b>Generated Narrative</b></p><p></p><p><b>code</b>: <span title="Codes: {http://snomed.info/sct 258235000}, {http://loinc.org 21902-2}">International Union Against Cancer (tumor staging)</span></p><p><b>subject</b>: <a href="Patient-ExamplePatient.html">Generated Summary: active: true; Sebastian Bach (OFFICIAL); gender: male; birthDate: 1985-03-31</a></p><p><b>effective</b>: 2022-03-07</p><p><b>value</b>: <span title="Codes: {urn:oid:2.16.840.1.113883.15.16 IIB}">Stage IIB</span></p><p><b>hasMember</b>: <a href="Observation-example-tnm-R1.html">Generated Summary: <span title="Codes: {http://loinc.org 84892-9}, {http://snomed.info/sct 17964000}">Residual tumor classification [Type] in Cancer specimen</span>; effective: 2022-03-07; <span title="Codes: {urn:oid:2.16.840.1.113883.15.16 R1}">R1</span></a></p><blockquote><p><b>component</b></p><p><b>code</b>: <span title="Codes: {http://snomed.info/sct 277647002}">r - Tumor recurrence (tumor staging)</span></p><p><b>value</b>: <span title="Codes: {urn:oid:2.16.840.1.113883.15.16 r}">r</span></p></blockquote><blockquote><p><b>component</b></p><p><b>Extension UICC TNM Prefix CPU</b>: <span title="Codes: {urn:oid:2.16.840.1.113883.15.16 p}">p</span></p><p><b>code</b>: <span title="Codes: {http://loinc.org 21899-0}">Primary tumor.pathology Cancer</span></p><p><b>value</b>: <span title="Codes: {urn:oid:2.16.840.1.113883.15.16 T3}">T3</span></p></blockquote><blockquote><p><b>component</b></p><p><b>code</b>: <span title="Codes: {http://snomed.info/sct 277650004}">m - Multiple tumors (tumor staging)</span></p><p><b>value</b>: <span title="Codes: {urn:oid:2.16.840.1.113883.15.16 m}">(m)</span></p></blockquote><blockquote><p><b>component</b></p><p><b>Extension UICC TNM Prefix CPU</b>: <span title="Codes: {urn:oid:2.16.840.1.113883.15.16 p}">p</span></p><p><b>Extension UICC TNM Suffix ITC</b>: <span title="Codes: {urn:oid:2.16.840.1.113883.15.16 i+}">(i+)</span></p><p><b>code</b>: <span title="Codes: {http://loinc.org 21900-6}">Regional lymph nodes.pathology [Class] Cancer</span></p><p><b>value</b>: <span title="Codes: {urn:oid:2.16.840.1.113883.15.16 N0}">N0</span></p></blockquote><blockquote><p><b>component</b></p><p><b>Extension UICC TNM Prefix CPU</b>: <span title="Codes: {urn:oid:2.16.840.1.113883.15.16 c}">c</span></p><p><b>code</b>: <span title="Codes: {http://loinc.org 21907-1}">Distant metastases.clinical [Class] Cancer</span></p><p><b>value</b>: <span title="Codes: {urn:oid:2.16.840.1.113883.15.16 M0}">M0</span></p></blockquote></div>
  </text>
  <status value="final"/>
  <code>
    <coding>
      <system value="http://snomed.info/sct"/>
      <code value="258235000"/>
      <display value="International Union Against Cancer (tumor staging)"/>
    </coding>
    <coding>
      <system value="http://loinc.org"/>
      <code value="21902-2"/>
      <display value="Stage group.pathology Cancer"/>
    </coding>
  </code>
  <subject>
    <reference value="Patient/ExamplePatient"/>
  </subject>
  <effectiveDateTime value="2022-03-07"/>
  <valueCodeableConcept>
    <coding>
      <system value="urn:oid:2.16.840.1.113883.15.16"/>
      <code value="IIB"/>
      <display value="Stage IIB"/>
    </coding>
  </valueCodeableConcept>
  <hasMember>
    <reference value="Observation/example-tnm-R1"/>
  </hasMember>
  <component>
    <code>
      <coding>
        <system value="http://snomed.info/sct"/>
        <code value="277647002"/>
        <display value="r - Tumor recurrence (tumor staging)"/>
      </coding>
    </code>
    <valueCodeableConcept>
      <coding>
        <system value="urn:oid:2.16.840.1.113883.15.16"/>
        <code value="r"/>
        <display value="r"/>
      </coding>
    </valueCodeableConcept>
  </component>
  <component>
    <extension url="https://www.vision-zero-oncology.de/fhir/StructureDefinition/uicc-tnm-prefix-cpu">
      <valueCodeableConcept>
        <coding>
          <system value="urn:oid:2.16.840.1.113883.15.16"/>
          <code value="p"/>
          <display value="p"/>
        </coding>
      </valueCodeableConcept>
    </extension>
    <code>
      <coding>
        <system value="http://loinc.org"/>
        <code value="21899-0"/>
        <display value="Primary tumor.pathology Cancer"/>
      </coding>
    </code>
    <valueCodeableConcept>
      <coding>
        <system value="urn:oid:2.16.840.1.113883.15.16"/>
        <code value="T3"/>
        <display value="T3"/>
      </coding>
    </valueCodeableConcept>
  </component>
  <component>
    <code>
      <coding>
        <system value="http://snomed.info/sct"/>
        <code value="277650004"/>
        <display value="m - Multiple tumors (tumor staging)"/>
      </coding>
    </code>
    <valueCodeableConcept>
      <coding>
        <system value="urn:oid:2.16.840.1.113883.15.16"/>
        <code value="m"/>
        <display value="(m)"/>
      </coding>
    </valueCodeableConcept>
  </component>
  <component>
    <extension url="https://www.vision-zero-oncology.de/fhir/StructureDefinition/uicc-tnm-prefix-cpu">
      <valueCodeableConcept>
        <coding>
          <system value="urn:oid:2.16.840.1.113883.15.16"/>
          <code value="p"/>
          <display value="p"/>
        </coding>
      </valueCodeableConcept>
    </extension>
    <extension url="https://www.vision-zero-oncology.de/fhir/StructureDefinition/uicc-tnm-suffix-itc">
      <valueCodeableConcept>
        <coding>
          <system value="urn:oid:2.16.840.1.113883.15.16"/>
          <code value="i+"/>
          <display value="(i+)"/>
        </coding>
      </valueCodeableConcept>
    </extension>
    <code>
      <coding>
        <system value="http://loinc.org"/>
        <code value="21900-6"/>
        <display value="Regional lymph nodes.pathology [Class] Cancer"/>
      </coding>
    </code>
    <valueCodeableConcept>
      <coding>
        <system value="urn:oid:2.16.840.1.113883.15.16"/>
        <code value="N0"/>
        <display value="N0"/>
      </coding>
    </valueCodeableConcept>
  </component>
  <component>
    <extension url="https://www.vision-zero-oncology.de/fhir/StructureDefinition/uicc-tnm-prefix-cpu">
      <valueCodeableConcept>
        <coding>
          <system value="urn:oid:2.16.840.1.113883.15.16"/>
          <code value="c"/>
          <display value="c"/>
        </coding>
      </valueCodeableConcept>
    </extension>
    <code>
      <coding>
        <system value="http://loinc.org"/>
        <code value="21907-1"/>
        <display value="Distant metastases.clinical [Class] Cancer"/>
      </coding>
    </code>
    <valueCodeableConcept>
      <coding>
        <system value="urn:oid:2.16.840.1.113883.15.16"/>
        <code value="M0"/>
        <display value="M0"/>
      </coding>
    </valueCodeableConcept>
  </component>
</Observation>