{
  "resourceType" : "Patient",
  "id" : "ExamplePatient",
  "text" : {
    "status" : "generated",
    "div" : "<div xmlns=\"http://www.w3.org/1999/xhtml\"><p style=\"border: 1px #661aff solid; background-color: #e6e6ff; padding: 10px;\"><b>Sebastian Bach (OFFICIAL)</b> male, DoB: 1985-03-31</p><hr/><table class=\"grid\"><tr><td style=\"background-color: #f3f5da\" title=\"Record is active\">Active:</td><td colspan=\"3\">true</td></tr></table></div>"
  },
  "active" : true,
  "name" : [{
    "use" : "official",
    "family" : "Bach",
    "given" : ["Sebastian"]
  }],
  "gender" : "male",
  "birthDate" : "1985-03-31"
}