<?xml version="1.0" encoding="UTF-8"?>

<Procedure xmlns="http://hl7.org/fhir">
  <id value="example-radiological-tnm-read-procedure"/>
  <meta>
    <profile value="https://www.vision-zero-oncology.de/fhir/StructureDefinition/radiological-tnm-read-procedure"/>
  </meta>
  <text>
    <status value="generated"/><div xmlns="http://www.w3.org/1999/xhtml"><p><b>Generated Narrative: Procedure</b><a name="example-radiological-tnm-read-procedure"> </a></p><div style="display: inline-block; background-color: #d9e0e7; padding: 6px; margin: 4px; border: 1px solid #8da1b4; border-radius: 5px; line-height: 60%"><p style="margin-bottom: 0px">Resource Procedure &quot;example-radiological-tnm-read-procedure&quot; </p><p style="margin-bottom: 0px">Profile: <a href="StructureDefinition-radiological-tnm-read-procedure.html">Radiological read procedure for clinical TNM</a></p></div><p><b>status</b>: completed</p><p><b>category</b>: Diagnostic procedure <span style="background: LightGoldenRodYellow; margin: 4px; border: 1px solid khaki"> (<a href="https://browser.ihtsdotools.org/">SNOMED CT</a>#103693007)</span></p><p><b>code</b>: TNM Lung and pleural tumor staging <span style="background: LightGoldenRodYellow; margin: 4px; border: 1px solid khaki"> (<a href="https://browser.ihtsdotools.org/">SNOMED CT</a>#254317004)</span></p><p><b>subject</b>: <a href="https://simplifier.net/resolve?scope=de.basisprofil.r4@1.4.0&amp;canonical=http://fhir.org/packages/de.basisprofil.r4/Patient/examplePatient">Patient/examplePatient</a></p><p><b>report</b>: <a href="https://simplifier.net/resolve?scope=de.basisprofil.r4@1.4.0&amp;canonical=http://fhir.org/packages/de.basisprofil.r4/DiagnosticReport/exampleDiagnosticReport">DiagnosticReport/exampleDiagnosticReport</a></p></div>
  </text>
  <status value="completed"/>
  <category>
    <coding>
      <system value="http://snomed.info/sct"/>
      <code value="103693007"/>
      <display value="Diagnostic procedure"/>
    </coding>
  </category>
  <code>
    <coding>
      <system value="http://snomed.info/sct"/>
      <code value="254317004"/>
      <display value="TNM Lung and pleural tumor staging"/>
    </coding>
  </code>
  <subject>
    <reference value="Patient/examplePatient"/>
  </subject>
  <report>
    <reference value="DiagnosticReport/exampleDiagnosticReport"/>
  </report>
</Procedure>