{
  "resourceType": "ResearchStudy",
  "id": "ExampleStudyNapkonCovidom",
  "meta": {
    "profile": [
      "https://www.vision-zero-oncology.de/fhir/StructureDefinition/sd-clinical-study"
    ]
  },
  "text": {
    "status": "generated",
    "div": "<div xmlns=\"http://www.w3.org/1999/xhtml\"><p><b>Generated Narrative</b></p><p><b>identifier</b>: id: NCT04679584</p><p><b>title</b>: COVIDOM: Longterm Morbidity of SARS-CoV-2 Infection and COVID-19 Disease - Consequences for Health Status and Quality of Life (NAPKON-POP)</p><p><b>status</b>: active</p><p><b>primaryPurposeType</b>: <span title=\"Codes: {http://hl7.org/fhir/R4/valueset-research-study-prim-purp-type.html supportive-care}\">supportive-care</span></p><p><b>phase</b>: <span title=\"Codes: {http://terminology.hl7.org/CodeSystem/research-study-phase n-a}\">N/A</span></p><p><b>category</b>: <span title=\"Codes: {http://ncicb.nci.nih.gov/xml/owl/EVS/Thesaurus.owl C16084}\">Observational Study</span>, <span title=\"Codes: {http://ncicb.nci.nih.gov/xml/owl/EVS/Thesaurus.owl C15208}\">Cohort Study</span>, <span title=\"Codes: {http://ncicb.nci.nih.gov/xml/owl/EVS/Thesaurus.owl C49659}\">Open Label Study</span>, <span title=\"Codes: {http://ncicb.nci.nih.gov/xml/owl/EVS/Thesaurus.owl C28279}\">Controlled Study</span></p><p><b>condition</b>: <span title=\"Codes: {http://snomed.info/sct 840539006}\">Disease caused by severe acute respiratory syndrome coronavirus 2 (disorder)</span></p><p><b>location</b>: <span title=\"Codes: {urn:iso:std:iso:3166 DEU}\">Germany</span></p><p><b>description</b>: Assessment of SARS-CoV-2-longterm morbidity and sequels on the population level</p><p><b>period</b>: 2020-11-16 --&gt; 2021-12-31</p><p><b>sponsor</b>: <a href=\"https://simplifier.net/resolve?scope=de.basisprofil.r4@1.3.1&amp;canonical=http://fhir.org/packages/de.basisprofil.r4/Organization/UKSH\">Organization/UKSH</a></p><p><b>site</b>: <a href=\"https://simplifier.net/resolve?scope=de.basisprofil.r4@1.3.1&amp;canonical=http://fhir.org/packages/de.basisprofil.r4/Organization/UKSH\">Organization/UKSH</a></p><h3>Objectives</h3><table class=\"grid\"><tr><td>-</td><td><b>Name</b></td><td><b>Type</b></td></tr><tr><td>*</td><td>Longterm morbidities and sequels of SARS-CoV-2 infections in the general population</td><td><span title=\"Codes: {http://terminology.hl7.org/CodeSystem/research-study-objective-type primary}\">Primary</span></td></tr></table></div>"
  },
  "identifier": [
    {
      "system": "http://clinicaltrials.gov",
      "value": "NCT04679584"
    }
  ],
  "title": "COVIDOM: Longterm Morbidity of SARS-CoV-2 Infection and COVID-19 Disease - Consequences for Health Status and Quality of Life (NAPKON-POP)",
  "status": "active",
  "primaryPurposeType": {
    "coding": [
      {
        "system": "http://hl7.org/fhir/R4/valueset-research-study-prim-purp-type.html",
        "code": "supportive-care"
      }
    ]
  },
  "phase": {
    "coding": [
      {
        "system": "http://terminology.hl7.org/CodeSystem/research-study-phase",
        "code": "n-a"
      }
    ]
  },
  "category": [
    {
      "coding": [
        {
          "system": "http://ncicb.nci.nih.gov/xml/owl/EVS/Thesaurus.owl",
          "code": "C16084",
          "display": "Observational Study"
        }
      ]
    },
    {
      "coding": [
        {
          "system": "http://ncicb.nci.nih.gov/xml/owl/EVS/Thesaurus.owl",
          "code": "C15208",
          "display": "Cohort Study"
        }
      ]
    },
    {
      "coding": [
        {
          "system": "http://ncicb.nci.nih.gov/xml/owl/EVS/Thesaurus.owl",
          "code": "C49659",
          "display": "Open Label Study"
        }
      ]
    },
    {
      "coding": [
        {
          "system": "http://ncicb.nci.nih.gov/xml/owl/EVS/Thesaurus.owl",
          "code": "C28279",
          "display": "Controlled Study"
        }
      ]
    }
  ],
  "condition": [
    {
      "coding": [
        {
          "system": "http://snomed.info/sct",
          "code": "840539006",
          "display": "Disease caused by severe acute respiratory syndrome coronavirus 2 (disorder)"
        }
      ]
    }
  ],
  "location": [
    {
      "coding": [
        {
          "system": "urn:iso:std:iso:3166",
          "code": "DEU"
        }
      ]
    }
  ],
  "description": "Assessment of SARS-CoV-2-longterm morbidity and sequels on the population level",
  "period": {
    "start": "2020-11-16",
    "end": "2021-12-31"
  },
  "sponsor": {
    "reference": "Organization/UKSH"
  },
  "site": [
    {
      "reference": "Organization/UKSH"
    }
  ],
  "objective": [
    {
      "name": "Longterm morbidities and sequels of SARS-CoV-2 infections in the general population",
      "type": {
        "coding": [
          {
            "system": "http://terminology.hl7.org/CodeSystem/research-study-objective-type",
            "code": "primary"
          }
        ]
      }
    }
  ]
}