{
  "package": "gold",
  "version": "0.1.0",
  "fhirVersion": "4.0.1",
  "jurisdiction": "DEU",
  "extensions": [
    {
      "url": "https://www.vision-zero-oncology.de/fhir/StructureDefinition/diagnosesicherung-icd-o",
      "title": "Diagnosesicherung ICD O",
      "types": [
        "CodeableConcept",
        "CodeableConcept"
      ]
    },
    {
      "url": "https://www.vision-zero-oncology.de/fhir/StructureDefinition/diagnosis",
      "title": "Diagnosis",
      "types": [
        "Reference"
      ]
    },
    {
      "url": "https://www.vision-zero-oncology.de/fhir/StructureDefinition/part-of",
      "title": "Specimen part of Tumor",
      "types": [
        "Reference",
        "Reference"
      ]
    },
    {
      "url": "https://www.vision-zero-oncology.de/fhir/StructureDefinition/supporting-info",
      "title": "Supporting Info",
      "types": [
        "Reference"
      ]
    },
    {
      "url": "https://www.vision-zero-oncology.de/fhir/StructureDefinition/uicc-tnm-prefix-cpu",
      "title": "Extension UICC TNM Prefix CPU",
      "types": [
        "CodeableConcept"
      ]
    },
    {
      "url": "https://www.vision-zero-oncology.de/fhir/StructureDefinition/uicc-tnm-suffix-itc",
      "title": "Extension UICC TNM Suffix ITC",
      "types": [
        "CodeableConcept"
      ]
    },
    {
      "url": "https://www.vision-zero-oncology.de/fhir/StructureDefinition/uicc-tnm-suffix-itc-sn",
      "title": "Extension UICC TNM Suffix ITC SN",
      "types": [
        "CodeableConcept"
      ]
    }
  ],
  "profiles": {
    "Observation": [
      {
        "url": "https://www.vision-zero-oncology.de/fhir/StructureDefinition/uicc-tnm",
        "title": "Profile UICC TNM"
      },
      {
        "url": "https://www.vision-zero-oncology.de/fhir/StructureDefinition/uicc-tnm-r-classification",
        "title": "Profile UICC TNM Residual Tumor (R) Classification"
      },
      {
        "url": "https://www.vision-zero-oncology.de/fhir/StructureDefinition/vital-signs-base",
        "title": "Profile Vital Signs Base"
      },
      {
        "url": "https://www.vision-zero-oncology.de/fhir/ValueSet/vs-recist-category-observation",
        "title": "RECIST Tumor Category Observation"
      }
    ],
    "BodyStructure": [
      {
        "url": "https://www.vision-zero-oncology.de/fhir/StructureDefinition/tumor",
        "title": "Profile Tumor"
      }
    ],
    "ResearchStudy": [
      {
        "url": "https://www.vision-zero-oncology.de/fhir/StructureDefinition/clinical-study",
        "title": "Profile Clinical Study"
      }
    ],
    "MedicationAdministration": [
      {
        "url": "https://www.vision-zero-oncology.de/fhir/StructureDefinition/medication-administration",
        "title": "Profile MedicationAdministration"
      }
    ],
    "MedicationStatement": [
      {
        "url": "https://www.vision-zero-oncology.de/fhir/StructureDefinition/medication-statement",
        "title": "Profile MedicationStatement"
      }
    ],
    "ResearchSubject": [
      {
        "url": "https://www.vision-zero-oncology.de/fhir/StructureDefinition/probandin",
        "title": "Profile ProbandIn"
      }
    ],
    "DiagnosticReport": [
      {
        "url": "https://www.vision-zero-oncology.de/fhir/StructureDefinition/radiological-diagnostic-report",
        "title": "Profile Radiological Diagnostic Report"
      }
    ],
    "Procedure": [
      {
        "url": "https://www.vision-zero-oncology.de/fhir/StructureDefinition/radiological-read-procedure",
        "title": "Radiological read procedure"
      },
      {
        "url": "https://www.vision-zero-oncology.de/fhir/StructureDefinition/radiological-recist-read-procedure",
        "title": "Radiological read procedure for RECIST"
      },
      {
        "url": "https://www.vision-zero-oncology.de/fhir/StructureDefinition/radiological-tnm-read-procedure",
        "title": "Radiological read procedure for clinical TNM"
      }
    ],
    "Condition": [
      {
        "url": "https://www.vision-zero-oncology.de/fhir/StructureDefinition/tumor-disorder",
        "title": "Profile Tumor Disorder"
      }
    ],
    "Specimen": [
      {
        "url": "https://www.vision-zero-oncology.de/fhir/StructureDefinition/tumor-specimen",
        "title": "Profile Tumor Specimen"
      }
    ]
  },
  "usage": {
    "http://fhir.de/StructureDefinition/icd-10-gm-diagnosesicherheit": [
      "Condition.code.coding"
    ],
    "http://fhir.de/StructureDefinition/icd-10-gm-mehrfachcodierungs-kennzeichen": [
      "Condition.code.coding"
    ],
    "http://fhir.de/StructureDefinition/lebensphase": [
      "Condition.onset[x].end",
      "Condition.onset[x].start"
    ],
    "http://fhir.de/StructureDefinition/seitenlokalisation": [
      "Condition.code.coding"
    ],
    "http://hl7.org/fhir/StructureDefinition/condition-related": [
      "Condition"
    ],
    "http://hl7.org/fhir/StructureDefinition/elementdefinition-bestpractice": [
      "StructureDefinition.snapshot.element.constraint"
    ],
    "http://hl7.org/fhir/StructureDefinition/elementdefinition-bestpractice-explanation": [
      "StructureDefinition.snapshot.element.constraint"
    ],
    "http://hl7.org/fhir/StructureDefinition/elementdefinition-bindingName": [
      "StructureDefinition.snapshot.element.binding"
    ],
    "http://hl7.org/fhir/StructureDefinition/elementdefinition-isCommonBinding": [
      "StructureDefinition.snapshot.element.binding"
    ],
    "http://hl7.org/fhir/StructureDefinition/elementdefinition-maxValueSet": [
      "StructureDefinition.snapshot.element.binding"
    ],
    "http://hl7.org/fhir/StructureDefinition/elementdefinition-translatable": [
      "StructureDefinition.snapshot.element"
    ],
    "http://hl7.org/fhir/StructureDefinition/regex": [
      "StructureDefinition.snapshot.element.type"
    ],
    "http://hl7.org/fhir/StructureDefinition/structuredefinition-display-hint": [
      "StructureDefinition.snapshot.element"
    ],
    "http://hl7.org/fhir/StructureDefinition/structuredefinition-fhir-type": [
      "StructureDefinition.snapshot.element.type"
    ],
    "http://hl7.org/fhir/StructureDefinition/structuredefinition-normative-version": [
      "StructureDefinition.snapshot.element"
    ],
    "http://hl7.org/fhir/StructureDefinition/structuredefinition-standards-status": [
      "StructureDefinition.snapshot.element"
    ],
    "http://hl7.org/fhir/tools/StructureDefinition/ig-internal-dependency": [
      "ImplementationGuide.definition"
    ],
    "http://hl7.org/fhir/tools/StructureDefinition/ig-page-name": [
      "ImplementationGuide.definition.page",
      "ImplementationGuide.definition.page.page"
    ],
    "http://hl7.org/fhir/tools/StructureDefinition/ig-parameter": [
      "ImplementationGuide.definition"
    ],
    "http://hl7.org/fhir/tools/StructureDefinition/implementationguide-dependency-comment": [
      "ImplementationGuide.dependsOn"
    ],
    "http://hl7.org/fhir/tools/StructureDefinition/resource-information": [
      "ImplementationGuide.definition.resource"
    ],
    "https://www.medizininformatik-initiative.de/fhir/ext/modul-biobank/StructureDefinition/EinstellungBlutversorgung": [
      "Specimen.collection"
    ],
    "https://www.medizininformatik-initiative.de/fhir/ext/modul-biobank/StructureDefinition/Temperaturbedingungen": [
      "Specimen.processing"
    ],
    "https://www.vision-zero-oncology.de/fhir/StructureDefinition/diagnosesicherung-icd-o": [
      "Condition.code.coding"
    ],
    "https://www.vision-zero-oncology.de/fhir/StructureDefinition/diagnosis": [
      "BodyStructure"
    ],
    "https://www.vision-zero-oncology.de/fhir/StructureDefinition/part-of": [
      "Specimen"
    ],
    "https://www.vision-zero-oncology.de/fhir/StructureDefinition/supporting-info": [
      "DiagnosticReport"
    ],
    "https://www.vision-zero-oncology.de/fhir/StructureDefinition/supportingInfo": [
      "DiagnosticReport"
    ],
    "https://www.vision-zero-oncology.de/fhir/StructureDefinition/uicc-tnm-prefix-cpu": [
      "Observation.component"
    ],
    "https://www.vision-zero-oncology.de/fhir/StructureDefinition/uicc-tnm-suffix-itc": [
      "Observation.component"
    ],
    "https://www.vision-zero-oncology.de/fhir/StructureDefinition/uicc-tnm-suffix-itc-sn": [
      "Observation.component"
    ]
  }
}