{
  "package": "gold",
  "version": "0.1.0",
  "fhirVersion": "4.0.1",
  "jurisdiction": "DEU",
  "extensions": [
    {
      "url": "https://www.vision-zero-oncology.de/fhir/StructureDefinition/uicc-tnm-prefix-cpu",
      "title": "Extension UICC TNM Prefix CPU",
      "types": [
        "CodeableConcept"
      ]
    },
    {
      "url": "https://www.vision-zero-oncology.de/fhir/StructureDefinition/uicc-tnm-suffix-itc",
      "title": "Extension UICC TNM Suffix ITC",
      "types": [
        "CodeableConcept"
      ]
    },
    {
      "url": "https://www.vision-zero-oncology.de/fhir/StructureDefinition/uicc-tnm-suffix-itc-sn",
      "title": "Extension UICC TNM Suffix ITC SN",
      "types": [
        "CodeableConcept"
      ]
    }
  ],
  "profiles": {
    "Observation": [
      {
        "url": "https://www.vision-zero-oncology.de/fhir/StructureDefinition/body-height",
        "title": "Profile Body Height"
      },
      {
        "url": "https://www.vision-zero-oncology.de/fhir/StructureDefinition/body-weight",
        "title": "Profile Body Weight"
      },
      {
        "url": "https://www.vision-zero-oncology.de/fhir/StructureDefinition/ecog-performance-status",
        "title": "Profile ECOG Performance Status"
      },
      {
        "url": "https://www.vision-zero-oncology.de/fhir/StructureDefinition/histology-topography",
        "title": "Profile Histology Topography"
      },
      {
        "url": "https://www.vision-zero-oncology.de/fhir/StructureDefinition/histopathological-grading-who",
        "title": "Profile Histopathological Tumor Grading WHO"
      },
      {
        "url": "https://www.vision-zero-oncology.de/fhir/StructureDefinition/karnofsky-performance-status",
        "title": "Profile Karnofsky Performance Status"
      },
      {
        "url": "https://www.vision-zero-oncology.de/fhir/StructureDefinition/uicc-tnm",
        "title": "Profile UICC TNM"
      },
      {
        "url": "https://www.vision-zero-oncology.de/fhir/StructureDefinition/vital-signs-base",
        "title": "Profile Vital Signs Base"
      }
    ]
  },
  "usage": {
    "http://hl7.org/fhir/StructureDefinition/elementdefinition-bestpractice": [
      "StructureDefinition.snapshot.element.constraint"
    ],
    "http://hl7.org/fhir/StructureDefinition/elementdefinition-bestpractice-explanation": [
      "StructureDefinition.snapshot.element.constraint"
    ],
    "http://hl7.org/fhir/StructureDefinition/elementdefinition-bindingName": [
      "StructureDefinition.snapshot.element.binding"
    ],
    "http://hl7.org/fhir/StructureDefinition/elementdefinition-isCommonBinding": [
      "StructureDefinition.snapshot.element.binding"
    ],
    "http://hl7.org/fhir/StructureDefinition/elementdefinition-maxValueSet": [
      "StructureDefinition.snapshot.element.binding"
    ],
    "http://hl7.org/fhir/StructureDefinition/elementdefinition-translatable": [
      "StructureDefinition.snapshot.element"
    ],
    "http://hl7.org/fhir/StructureDefinition/structuredefinition-category": [
      "StructureDefinition"
    ],
    "http://hl7.org/fhir/StructureDefinition/structuredefinition-display-hint": [
      "StructureDefinition.snapshot.element"
    ],
    "http://hl7.org/fhir/StructureDefinition/structuredefinition-fhir-type": [
      "StructureDefinition.snapshot.element.type"
    ],
    "http://hl7.org/fhir/StructureDefinition/structuredefinition-security-category": [
      "StructureDefinition"
    ],
    "http://hl7.org/fhir/StructureDefinition/structuredefinition-standards-status": [
      "StructureDefinition.snapshot.element"
    ],
    "http://hl7.org/fhir/tools/StructureDefinition/ig-parameter": [
      "ImplementationGuide.definition"
    ],
    "http://hl7.org/fhir/tools/StructureDefinition/resource-information": [
      "ImplementationGuide.definition.resource"
    ],
    "https://www.vision-zero-oncology.de/fhir/StructureDefinition/uicc-tnm-prefix-cpu": [
      "Observation.component"
    ],
    "https://www.vision-zero-oncology.de/fhir/StructureDefinition/uicc-tnm-suffix-itc": [
      "Observation.component"
    ]
  }
}