{
  "resourceType" : "ValueSet",
  "id" : "vs-diagnosesicherung-icdo3",
  "text" : {
    "status" : "generated",
    "div" : "<div xmlns=\"http://www.w3.org/1999/xhtml\"><ul><li>Include all codes defined in <a href=\"CodeSystem-cs-diagnosesicherung-icdo3.html\"><code>https://www.vision-zero-oncology.de/fhir/CodeSystem/cs-diagnosesicherung-icdo3</code></a></li></ul></div>"
  },
  "url" : "https://www.vision-zero-oncology.de/fhir/ValueSet/vs-diagnosesicherung-icdo3",
  "version" : "0.1.0",
  "name" : "DiagnosesicherungICDO3",
  "title" : "Diagnosesicherung ICD-O-3",
  "status" : "draft",
  "date" : "2023-04-03T10:13:34+00:00",
  "publisher" : "Berlin Institute of Health at Charité (BIH)",
  "contact" : [{
    "name" : "Berlin Institute of Health at Charité (BIH)",
    "telecom" : [{
      "system" : "url",
      "value" : "https://www.bihealth.org/"
    }]
  }],
  "description" : "ValueSet für die Diagnosesicherungscodes der ICD-O-3",
  "jurisdiction" : [{
    "coding" : [{
      "system" : "urn:iso:std:iso:3166",
      "code" : "DEU"
    }]
  }],
  "copyright" : "CC-BY-SA-4.0",
  "compose" : {
    "include" : [{
      "system" : "https://www.vision-zero-oncology.de/fhir/CodeSystem/cs-diagnosesicherung-icdo3"
    }]
  }
}