<?xml version="1.0" encoding="UTF-8"?>

<ValueSet xmlns="http://hl7.org/fhir">
  <id value="vs-tnm-radiological-read-procedure"/>
  <text>
    <status value="generated"/><div xmlns="http://www.w3.org/1999/xhtml"><ul><li>Include codes from <a href="http://www.snomed.org/"><code>http://snomed.info/sct</code></a> where concept  descends from  254293002 (TNM tumour staging)</li></ul></div>
  </text>
  <url value="https://www.vision-zero-oncology.de/fhir/ValueSet/vs-tnm-radiological-read-procedure"/>
  <version value="0.1.0"/>
  <name value="VS_TNM_Radiological_Read_Procedures"/>
  <title value="Valueset for TNM Radiological Read Procedures"/>
  <status value="draft"/>
  <date value="2023-07-06T08:27:50+00:00"/>
  <publisher value="Berlin Institute of Health at Charité (BIH)"/>
  <contact>
    <name value="Berlin Institute of Health at Charité (BIH)"/>
    <telecom>
      <system value="url"/>
      <value value="https://www.bihealth.org/"/>
    </telecom>
  </contact>
  <description value="This Valueset contains the snomed codes of the different TNM tumor staging systems"/>
  <jurisdiction>
    <coding>
      <system value="urn:iso:std:iso:3166"/>
      <code value="DEU"/>
    </coding>
  </jurisdiction>
  <copyright value="CC-BY-SA-4.0"/>
  <compose>
    <include>
      <system value="http://snomed.info/sct"/>
      <filter>
        <property value="concept"/>
        <op value="descendent-of"/>
        <value value="254293002"/>
      </filter>
    </include>
  </compose>
</ValueSet>