<?xml version="1.0" encoding="UTF-8"?>

<ValueSet xmlns="http://hl7.org/fhir">
  <id value="vs-tnm-pn-perineural-invasion-uicc"/>
  <text>
    <status value="generated"/><div xmlns="http://www.w3.org/1999/xhtml"><ul><li>Include these codes as defined in <code>urn:oid:2.16.840.1.113883.15.16</code><table class="none"><tr><td style="white-space:nowrap"><b>Code</b></td><td><b>Display</b></td></tr><tr><td>Pn0</td><td>Pn0</td></tr><tr><td>Pn1</td><td>Pn1</td></tr><tr><td>PnX</td><td>PnX</td></tr></table></li></ul></div>
  </text>
  <url value="https://www.vision-zero-oncology.de/fhir/ValueSet/tnm-pn-perineural-invasion-uicc"/>
  <version value="0.1.0"/>
  <name value="VS_TNM_Pn_Perineural_Invasion_UICC"/>
  <title value="ValueSet TNM Pn-Descriptor Perineural Invasion UICC"/>
  <status value="active"/>
  <date value="2022-08-26T08:02:23+00:00"/>
  <publisher value="Berlin Institute of Health at Charité (BIH)"/>
  <contact>
    <name value="Berlin Institute of Health at Charité (BIH)"/>
    <telecom>
      <system value="url"/>
      <value value="https://www.bihealth.org/"/>
    </telecom>
  </contact>
  <description value="This ValueSet contains the TNM degree of perineural (lymphatic nerve sheet) invasion codes used with the Pn-descriptor from TNM 8th edition UICC."/>
  <jurisdiction>
    <coding>
      <system value="urn:iso:std:iso:3166"/>
      <code value="DEU"/>
    </coding>
  </jurisdiction>
  <copyright value="CC-BY-SA-4.0"/>
  <compose>
    <include>
      <system value="urn:oid:2.16.840.1.113883.15.16"/>
      <concept>
        <code value="Pn0"/>
        <display value="Pn0"/>
      </concept>
      <concept>
        <code value="Pn1"/>
        <display value="Pn1"/>
      </concept>
      <concept>
        <code value="PnX"/>
        <display value="PnX"/>
      </concept>
    </include>
  </compose>
</ValueSet>