{
  "resourceType" : "ValueSet",
  "id" : "type-of-randomization-ncit",
  "text" : {
    "status" : "generated",
    "div" : "<div xmlns=\"http://www.w3.org/1999/xhtml\">Placeholder</div>"
  },
  "url" : "https://www.vision-zero-oncology.de/fhir/ValueSet/type-of-randomization-ncit",
  "version" : "0.1.0",
  "name" : "VS_TypeOfRandomization_NCIT",
  "title" : "ValueSet Type of Randomization NCIt",
  "status" : "draft",
  "experimental" : false,
  "date" : "2023-09-27T08:44:59+00:00",
  "publisher" : "Berlin Institute of Health at Charité (BIH)",
  "contact" : [{
    "name" : "Berlin Institute of Health at Charité (BIH)",
    "telecom" : [{
      "system" : "url",
      "value" : "https://www.bihealth.org/"
    }]
  }],
  "description" : "Type of Randomization aus NCI Thesaurus (NCIt)",
  "jurisdiction" : [{
    "coding" : [{
      "system" : "urn:iso:std:iso:3166",
      "code" : "DEU"
    }]
  }],
  "copyright" : "NCI THESAURUS is a registered trademark of the National Cancer Institute.",
  "compose" : {
    "include" : [{
      "system" : "http://ncicb.nci.nih.gov/xml/owl/EVS/Thesaurus.owl",
      "concept" : [{
        "code" : "C147126",
        "display" : "Adaptive Randomization"
      },
      {
        "code" : "C147127",
        "display" : "Block Randomization"
      },
      {
        "code" : "C147145",
        "display" : "Stratified Randomization"
      },
      {
        "code" : "C147143",
        "display" : "Minimization Randomization"
      },
      {
        "code" : "C186212",
        "display" : "Re-randomized"
      },
      {
        "code" : "C147144",
        "display" : "Simple Randomization"
      },
      {
        "code" : "C114209",
        "display" : "Subject is Randomized"
      },
      {
        "code" : "C142743",
        "display" : "Unequal Randomization"
      }]
    }]
  }
}