<?xml version="1.0" encoding="UTF-8"?>

<ValueSet xmlns="http://hl7.org/fhir">
  <id value="study-focus-ncit"/>
  <text>
    <status value="generated"/><div xmlns="http://www.w3.org/1999/xhtml">Placeholder</div>
  </text>
  <url value="https://www.vision-zero-oncology.de/fhir/ValueSet/study-focus-ncit"/>
  <version value="0.1.0"/>
  <name value="VS_StudyFocus_NCIT"/>
  <title value="ValueSet Study Focus NCIt"/>
  <status value="draft"/>
  <experimental value="false"/>
  <date value="2023-09-27T08:44:59+00:00"/>
  <publisher value="Berlin Institute of Health at Charité (BIH)"/>
  <contact>
    <name value="Berlin Institute of Health at Charité (BIH)"/>
    <telecom>
      <system value="url"/>
      <value value="https://www.bihealth.org/"/>
    </telecom>
  </contact>
  <description value="Study Focus aus NCI Thesaurus (NCIt)"/>
  <jurisdiction>
    <coding>
      <system value="urn:iso:std:iso:3166"/>
      <code value="DEU"/>
    </coding>
  </jurisdiction>
  <copyright value="NCI THESAURUS is a registered trademark of the National Cancer Institute."/>
  <compose>
    <include>
      <system value="http://ncicb.nci.nih.gov/xml/owl/EVS/Thesaurus.owl"/>
      <concept>
        <code value="C1909"/>
        <display value="Pharmacologic Substance"/>
      </concept>
      <concept>
        <code value="C16830"/>
        <display value="Medical Device"/>
      </concept>
      <concept>
        <code value="C78523"/>
        <display value="Cosmetic"/>
      </concept>
      <concept>
        <code value="C1505"/>
        <display value="Dietary Supplement"/>
      </concept>
    </include>
  </compose>
</ValueSet>