<?xml version="1.0" encoding="UTF-8"?>

<ValueSet xmlns="http://hl7.org/fhir">
  <id value="type-of-study-arm-ncit"/>
  <text>
    <status value="generated"/><div xmlns="http://www.w3.org/1999/xhtml"><ul><li>Include codes from <a href="http://terminology.hl7.org/5.0.0/CodeSystem-v3-nciThesaurus.html"><code>http://ncicb.nci.nih.gov/xml/owl/EVS/Thesaurus.owl</code></a> where concept  descends from  C15538</li></ul></div>
  </text>
  <url value="https://www.vision-zero-oncology.de/fhir/ValueSet/type-of-study-arm-ncit"/>
  <version value="0.1.0"/>
  <name value="VS_TypeOfStudyArm_NCIT"/>
  <title value="ValueSet Type of Study Arm NCIt"/>
  <status value="draft"/>
  <experimental value="false"/>
  <date value="2023-07-06T08:26:38+00:00"/>
  <publisher value="Berlin Institute of Health at Charité (BIH)"/>
  <contact>
    <name value="Berlin Institute of Health at Charité (BIH)"/>
    <telecom>
      <system value="url"/>
      <value value="https://www.bihealth.org/"/>
    </telecom>
  </contact>
  <description value="Type of Study Arm aus NCI Thesaurus (NCIt)"/>
  <jurisdiction>
    <coding>
      <system value="urn:iso:std:iso:3166"/>
      <code value="DEU"/>
    </coding>
  </jurisdiction>
  <copyright value="NCI THESAURUS is a registered trademark of the National Cancer Institute."/>
  <compose>
    <include>
      <system value="http://ncicb.nci.nih.gov/xml/owl/EVS/Thesaurus.owl"/>
      <filter>
        <property value="concept"/>
        <op value="descendent-of"/>
        <value value="C15538"/>
      </filter>
    </include>
  </compose>
</ValueSet>