{
  "resourceType": "ValueSet",
  "id": "vs-tnm-t-category-uicc",
  "text": {
    "status": "generated",
    "div": "<div xmlns=\"http://www.w3.org/1999/xhtml\"><ul><li>Include these codes as defined in <code>urn:oid:2.16.840.1.113883.15.16</code><table class=\"none\"><tr><td style=\"white-space:nowrap\"><b>Code</b></td><td><b>Display</b></td></tr><tr><td>TX</td><td>TX</td></tr><tr><td>T0</td><td>T0</td></tr><tr><td>Ta</td><td>Ta</td></tr><tr><td>Tis</td><td>Tis</td></tr><tr><td>Tis(LAMN)</td><td>Tis(LAMN)</td></tr><tr><td>Tis(DCIS)</td><td>Tis(DCIS)</td></tr><tr><td>Tis(LCIS)</td><td>Tis(LCIS)</td></tr><tr><td>Tis(Paget)</td><td>Tis(Paget)</td></tr><tr><td>Tis(pu)</td><td>Tis(pu)</td></tr><tr><td>Tis(pd)</td><td>Tis(pd)</td></tr><tr><td>T1</td><td>T1</td></tr><tr><td>T1mi</td><td>T1mi</td></tr><tr><td>T1a</td><td>T1a</td></tr><tr><td>T1a1</td><td>T1a1</td></tr><tr><td>T1a2</td><td>T1a2</td></tr><tr><td>T1b</td><td>T1b</td></tr><tr><td>T1b1</td><td>T1b1</td></tr><tr><td>T1b2</td><td>T1b2</td></tr><tr><td>T1c</td><td>T1c</td></tr><tr><td>T1c1</td><td>T1c1</td></tr><tr><td>T1c2</td><td>T1c2</td></tr><tr><td>T1c3</td><td>T1c3</td></tr><tr><td>T1d</td><td>T1d</td></tr><tr><td>T2</td><td>T2</td></tr><tr><td>T2a</td><td>T2a</td></tr><tr><td>T2a1</td><td>T2a1</td></tr><tr><td>T2a2</td><td>T2a2</td></tr><tr><td>T2b</td><td>T2b</td></tr><tr><td>T2c</td><td>T2c</td></tr><tr><td>T2d</td><td>T2d</td></tr><tr><td>T3</td><td>T3</td></tr><tr><td>T3a</td><td>T3a</td></tr><tr><td>T3b</td><td>T3b</td></tr><tr><td>T3c</td><td>T3c</td></tr><tr><td>T3d</td><td>T3d</td></tr><tr><td>T3e</td><td>T3e</td></tr><tr><td>T4</td><td>T4</td></tr><tr><td>T4a</td><td>T4a</td></tr><tr><td>T4b</td><td>T4b</td></tr><tr><td>T4c</td><td>T4c</td></tr><tr><td>T4d</td><td>T4d</td></tr><tr><td>T4e</td><td>T4e</td></tr></table></li></ul></div>"
  },
  "url": "https://www.vision-zero-oncology.de/fhir/ValueSet/tnm-t-category-uicc",
  "version": "0.1.0",
  "name": "VS_TNM_T_Category_UICC",
  "title": "ValueSet TNM T Category UICC",
  "status": "active",
  "date": "2022-09-22T12:10:51+00:00",
  "publisher": "Berlin Institute of Health at Charité (BIH)",
  "contact": [
    {
      "name": "Berlin Institute of Health at Charité (BIH)",
      "telecom": [
        {
          "system": "url",
          "value": "https://www.bihealth.org/"
        }
      ]
    }
  ],
  "description": "This ValueSet contains the TNM T category codes from TNM 8th edition UICC.",
  "jurisdiction": [
    {
      "coding": [
        {
          "system": "urn:iso:std:iso:3166",
          "code": "DEU"
        }
      ]
    }
  ],
  "copyright": "CC-BY-SA-4.0",
  "compose": {
    "include": [
      {
        "system": "urn:oid:2.16.840.1.113883.15.16",
        "concept": [
          {
            "code": "TX",
            "display": "TX"
          },
          {
            "code": "T0",
            "display": "T0"
          },
          {
            "code": "Ta",
            "display": "Ta"
          },
          {
            "code": "Tis",
            "display": "Tis"
          },
          {
            "code": "Tis(LAMN)",
            "display": "Tis(LAMN)"
          },
          {
            "code": "Tis(DCIS)",
            "display": "Tis(DCIS)"
          },
          {
            "code": "Tis(LCIS)",
            "display": "Tis(LCIS)"
          },
          {
            "code": "Tis(Paget)",
            "display": "Tis(Paget)"
          },
          {
            "code": "Tis(pu)",
            "display": "Tis(pu)"
          },
          {
            "code": "Tis(pd)",
            "display": "Tis(pd)"
          },
          {
            "code": "T1",
            "display": "T1"
          },
          {
            "code": "T1mi",
            "display": "T1mi"
          },
          {
            "code": "T1a",
            "display": "T1a"
          },
          {
            "code": "T1a1",
            "display": "T1a1"
          },
          {
            "code": "T1a2",
            "display": "T1a2"
          },
          {
            "code": "T1b",
            "display": "T1b"
          },
          {
            "code": "T1b1",
            "display": "T1b1"
          },
          {
            "code": "T1b2",
            "display": "T1b2"
          },
          {
            "code": "T1c",
            "display": "T1c"
          },
          {
            "code": "T1c1",
            "display": "T1c1"
          },
          {
            "code": "T1c2",
            "display": "T1c2"
          },
          {
            "code": "T1c3",
            "display": "T1c3"
          },
          {
            "code": "T1d",
            "display": "T1d"
          },
          {
            "code": "T2",
            "display": "T2"
          },
          {
            "code": "T2a",
            "display": "T2a"
          },
          {
            "code": "T2a1",
            "display": "T2a1"
          },
          {
            "code": "T2a2",
            "display": "T2a2"
          },
          {
            "code": "T2b",
            "display": "T2b"
          },
          {
            "code": "T2c",
            "display": "T2c"
          },
          {
            "code": "T2d",
            "display": "T2d"
          },
          {
            "code": "T3",
            "display": "T3"
          },
          {
            "code": "T3a",
            "display": "T3a"
          },
          {
            "code": "T3b",
            "display": "T3b"
          },
          {
            "code": "T3c",
            "display": "T3c"
          },
          {
            "code": "T3d",
            "display": "T3d"
          },
          {
            "code": "T3e",
            "display": "T3e"
          },
          {
            "code": "T4",
            "display": "T4"
          },
          {
            "code": "T4a",
            "display": "T4a"
          },
          {
            "code": "T4b",
            "display": "T4b"
          },
          {
            "code": "T4c",
            "display": "T4c"
          },
          {
            "code": "T4d",
            "display": "T4d"
          },
          {
            "code": "T4e",
            "display": "T4e"
          }
        ]
      }
    ]
  }
}