{
  "resourceType" : "ValueSet",
  "id" : "tnm-t-multiplicity-uicc",
  "text" : {
    "status" : "generated",
    "div" : "<div xmlns=\"http://www.w3.org/1999/xhtml\">Placeholder</div>"
  },
  "url" : "https://www.vision-zero-oncology.de/fhir/ValueSet/tnm-t-multiplicity-uicc",
  "version" : "0.1.0",
  "name" : "VS_TNM_T_Multiplicity_UICC",
  "title" : "ValueSet TNM T Multiplicity UICC",
  "status" : "draft",
  "experimental" : false,
  "date" : "2023-09-27T08:44:59+00:00",
  "publisher" : "Berlin Institute of Health at Charité (BIH)",
  "contact" : [{
    "name" : "Berlin Institute of Health at Charité (BIH)",
    "telecom" : [{
      "system" : "url",
      "value" : "https://www.bihealth.org/"
    }]
  }],
  "description" : "This ValueSet contains the TNM primary tumor multiplicity codes used with the m-symbol from TNM 8th edition UICC.",
  "jurisdiction" : [{
    "coding" : [{
      "system" : "urn:iso:std:iso:3166",
      "code" : "DEU"
    }]
  }],
  "copyright" : "CC-BY-SA-4.0",
  "compose" : {
    "include" : [{
      "system" : "urn:oid:2.16.840.1.113883.15.16",
      "concept" : [{
        "code" : "m",
        "display" : "(m)"
      },
      {
        "code" : "2",
        "display" : "(2)"
      },
      {
        "code" : "3",
        "display" : "(3)"
      },
      {
        "code" : "4",
        "display" : "(4)"
      },
      {
        "code" : "5",
        "display" : "(5)"
      },
      {
        "code" : "6",
        "display" : "(6)"
      },
      {
        "code" : "7",
        "display" : "(7)"
      },
      {
        "code" : "8",
        "display" : "(8)"
      },
      {
        "code" : "9",
        "display" : "(9)"
      },
      {
        "code" : "10",
        "display" : "(10)"
      }]
    }]
  }
}