<?xml version="1.0" encoding="UTF-8"?>

<ValueSet xmlns="http://hl7.org/fhir">
  <id value="studienkategorien-ncit"/>
  <text>
    <status value="generated"/><div xmlns="http://www.w3.org/1999/xhtml"><ul><li>Include these codes as defined in <a href="http://terminology.hl7.org/5.0.0/CodeSystem-v3-nciThesaurus.html"><code>http://ncicb.nci.nih.gov/xml/owl/EVS/Thesaurus.owl</code></a><table class="none"><tr><td style="white-space:nowrap"><b>Code</b></td><td><b>Display</b></td></tr><tr><td>C98388</td><td>Interventional Study</td></tr><tr><td>C142615</td><td>Non-Interventional Study</td></tr><tr><td>C16084</td><td>Observational Study</td></tr></table></li></ul></div>
  </text>
  <url value="https://www.vision-zero-oncology.de/fhir/ValueSet/studienkategorien-ncit"/>
  <version value="0.1.0"/>
  <name value="VS_Studienkategorien_NCIT"/>
  <title value="ValueSet Studienkategorien NCIt"/>
  <status value="draft"/>
  <experimental value="false"/>
  <date value="2023-04-04T16:41:07+00:00"/>
  <publisher value="Berlin Institute of Health at Charité (BIH)"/>
  <contact>
    <name value="Berlin Institute of Health at Charité (BIH)"/>
    <telecom>
      <system value="url"/>
      <value value="https://www.bihealth.org/"/>
    </telecom>
  </contact>
  <description value="Studienkategorien aus NCI Thesaurus (NCIt)"/>
  <jurisdiction>
    <coding>
      <system value="urn:iso:std:iso:3166"/>
      <code value="DEU"/>
    </coding>
  </jurisdiction>
  <copyright value="NCI THESAURUS is a registered trademark of the National Cancer Institute."/>
  <compose>
    <include>
      <system value="http://ncicb.nci.nih.gov/xml/owl/EVS/Thesaurus.owl"/>
      <concept>
        <code value="C98388"/>
        <display value="Interventional Study"/>
      </concept>
      <concept>
        <code value="C142615"/>
        <display value="Non-Interventional Study"/>
      </concept>
      <concept>
        <code value="C16084"/>
        <display value="Observational Study"/>
      </concept>
    </include>
  </compose>
</ValueSet>