<?xml version="1.0" encoding="UTF-8"?>

<ValueSet xmlns="http://hl7.org/fhir">
  <id value="vs-tnm-n-staging-type-loinc"/>
  <text>
    <status value="generated"/><div xmlns="http://www.w3.org/1999/xhtml"><ul><li>Include these codes as defined in <a href="http://loinc.org"><code>http://loinc.org</code></a><table class="none"><tr><td style="white-space:nowrap"><b>Code</b></td><td><b>Display</b></td></tr><tr><td><a href="http://details.loinc.org/LOINC/21906-3.html">21906-3</a></td><td>Regional lymph nodes.clinical [Class] Cancer</td></tr><tr><td><a href="http://details.loinc.org/LOINC/21900-6.html">21900-6</a></td><td>Regional lymph nodes.pathology [Class] Cancer</td></tr><tr><td><a href="http://details.loinc.org/LOINC/21912-1.html">21912-1</a></td><td>Regional lymph nodes.other [Class] Cancer</td></tr></table></li></ul></div>
  </text>
  <url value="https://www.vision-zero-oncology.de/fhir/ValueSet/tnm-n-staging-type-loinc"/>
  <version value="0.1.0"/>
  <name value="VS_TNM_N_Staging_Type_LOINC"/>
  <title value="ValueSet TNM N Staging Type LOINC"/>
  <status value="active"/>
  <date value="2022-08-03T15:26:13+00:00"/>
  <publisher value="Berlin Institute of Health at Charité (BIH)"/>
  <contact>
    <name value="Berlin Institute of Health at Charité (BIH)"/>
    <telecom>
      <system value="url"/>
      <value value="https://www.bihealth.org/"/>
    </telecom>
  </contact>
  <description value="This ValueSet contains codes to specifiy the TNM regional lymph nodes (N) category as clinical (cN) or pathological (pN)."/>
  <jurisdiction>
    <coding>
      <system value="urn:iso:std:iso:3166"/>
      <code value="DEU"/>
    </coding>
  </jurisdiction>
  <copyright value="CC-BY-SA-4.0"/>
  <compose>
    <include>
      <system value="http://loinc.org"/>
      <concept>
        <code value="21906-3"/>
        <display value="Regional lymph nodes.clinical [Class] Cancer"/>
      </concept>
      <concept>
        <code value="21900-6"/>
        <display value="Regional lymph nodes.pathology [Class] Cancer"/>
      </concept>
      <concept>
        <code value="21912-1"/>
        <display value="Regional lymph nodes.other [Class] Cancer"/>
      </concept>
    </include>
  </compose>
</ValueSet>