{
  "resourceType": "ValueSet",
  "id": "studiendesign-ncit",
  "text": {
    "status": "generated",
    "div": "<div xmlns=\"http://www.w3.org/1999/xhtml\"><ul><li>Include these codes as defined in <code>http://ncicb.nci.nih.gov/xml/owl/EVS/Thesaurus.owl</code><table class=\"none\"><tr><td style=\"white-space:nowrap\"><b>Code</b></td><td><b>Display</b></td></tr><tr><td>C15197</td><td>Case-Control Study</td></tr><tr><td>C15208</td><td>Cohort Study</td></tr><tr><td>C53310</td><td>Cross-Sectional Study</td></tr><tr><td>C46079</td><td>Randomized Controlled Clinical Trial</td></tr><tr><td>C93043</td><td>Nonrandomized Clinical Trial</td></tr></table></li></ul></div>"
  },
  "url": "https://www.vision-zero-oncology.de/fhir/ValueSet/studiendesign-ncit",
  "version": "0.1.0",
  "name": "VS_Studiendesign_NCIT",
  "title": "ValueSet Studiendesign NCIt",
  "status": "active",
  "date": "2022-08-22T12:50:52+00:00",
  "publisher": "Berlin Institute of Health at Charité (BIH)",
  "contact": [
    {
      "name": "Berlin Institute of Health at Charité (BIH)",
      "telecom": [
        {
          "system": "url",
          "value": "https://www.bihealth.org/"
        }
      ]
    }
  ],
  "description": "Studiendesign aus NCI Thesaurus (NCIt)",
  "jurisdiction": [
    {
      "coding": [
        {
          "system": "urn:iso:std:iso:3166",
          "code": "DEU"
        }
      ]
    }
  ],
  "copyright": "NCI THESAURUS is a registered trademark of the National Cancer Institute.",
  "compose": {
    "include": [
      {
        "system": "http://ncicb.nci.nih.gov/xml/owl/EVS/Thesaurus.owl",
        "concept": [
          {
            "code": "C15197",
            "display": "Case-Control Study"
          },
          {
            "code": "C15208",
            "display": "Cohort Study"
          },
          {
            "code": "C53310",
            "display": "Cross-Sectional Study"
          },
          {
            "code": "C46079",
            "display": "Randomized Controlled Clinical Trial"
          },
          {
            "code": "C93043",
            "display": "Nonrandomized Clinical Trial"
          }
        ]
      }
    ]
  }
}