{
  "resourceType" : "ValueSet",
  "id" : "tumor-size-units",
  "text" : {
    "status" : "generated",
    "div" : "<div xmlns=\"http://www.w3.org/1999/xhtml\">Placeholder</div>"
  },
  "url" : "https://www.vision-zero-oncology.de/fhir/ValueSet/tumor-size-units",
  "version" : "0.1.0",
  "name" : "VS_Tumor_Size_Units",
  "title" : "ValueSet Tumor Size Units",
  "status" : "draft",
  "date" : "2023-09-27T08:44:59+00:00",
  "publisher" : "Berlin Institute of Health at Charité (BIH)",
  "contact" : [{
    "name" : "Berlin Institute of Health at Charité (BIH)",
    "telecom" : [{
      "system" : "url",
      "value" : "https://www.bihealth.org/"
    }]
  }],
  "description" : "Acceptable units for measuring tumor size",
  "jurisdiction" : [{
    "coding" : [{
      "system" : "urn:iso:std:iso:3166",
      "code" : "DEU"
    }]
  }],
  "copyright" : "CC-BY-SA-4.0",
  "compose" : {
    "include" : [{
      "system" : "http://unitsofmeasure.org",
      "concept" : [{
        "code" : "mm",
        "display" : "Millimeter"
      },
      {
        "code" : "cm",
        "display" : "Centimeter"
      }]
    }]
  }
}