{
  "resourceType" : "ValueSet",
  "id" : "tnm-stage-group-uicc",
  "text" : {
    "status" : "generated",
    "div" : "<div xmlns=\"http://www.w3.org/1999/xhtml\">Placeholder</div>"
  },
  "url" : "https://www.vision-zero-oncology.de/fhir/ValueSet/tnm-stage-group-uicc",
  "version" : "0.1.0",
  "name" : "VS_TNM_Stage_Group_UICC",
  "title" : "ValueSet TNM Stage Group UICC",
  "status" : "draft",
  "experimental" : false,
  "date" : "2023-09-27T08:44:59+00:00",
  "publisher" : "Berlin Institute of Health at Charité (BIH)",
  "contact" : [{
    "name" : "Berlin Institute of Health at Charité (BIH)",
    "telecom" : [{
      "system" : "url",
      "value" : "https://www.bihealth.org/"
    }]
  }],
  "description" : "The ValueSet contains codes for the TNM stage groups ranging from I to IV to group cancer patients with similar prognosis from TNM 8th edition UICC.",
  "jurisdiction" : [{
    "coding" : [{
      "system" : "urn:iso:std:iso:3166",
      "code" : "DEU"
    }]
  }],
  "copyright" : "CC-BY-SA-4.0",
  "compose" : {
    "include" : [{
      "system" : "urn:oid:2.16.840.1.113883.15.16",
      "concept" : [{
        "code" : "okk",
        "display" : "Stage X"
      },
      {
        "code" : "0",
        "display" : "Stage 0"
      },
      {
        "code" : "0a",
        "display" : "Stage 0a"
      },
      {
        "code" : "0is",
        "display" : "Stage 0is"
      },
      {
        "code" : "I",
        "display" : "Stage I"
      },
      {
        "code" : "IA1",
        "display" : "Stage IA1"
      },
      {
        "code" : "IA2",
        "display" : "Stage IA2"
      },
      {
        "code" : "IA3",
        "display" : "Stage IA3"
      },
      {
        "code" : "IB",
        "display" : "Stage IB"
      },
      {
        "code" : "IB1",
        "display" : "Stage IB1"
      },
      {
        "code" : "IB2",
        "display" : "Stage IB2"
      },
      {
        "code" : "IC",
        "display" : "Stage IC"
      },
      {
        "code" : "IS",
        "display" : "Stage IS"
      },
      {
        "code" : "II",
        "display" : "Stage II"
      },
      {
        "code" : "IIA",
        "display" : "Stage IIA"
      },
      {
        "code" : "IIA1",
        "display" : "Stage IIA1"
      },
      {
        "code" : "IIA2",
        "display" : "Stage IIA2"
      },
      {
        "code" : "IIB",
        "display" : "Stage IIB"
      },
      {
        "code" : "IIC",
        "display" : "Stage IIC"
      },
      {
        "code" : "III",
        "display" : "Stage III"
      },
      {
        "code" : "IIIA",
        "display" : "Stage IIIA"
      },
      {
        "code" : "IIIA1",
        "display" : "Stage IIIA1"
      },
      {
        "code" : "IIIA2",
        "display" : "Stage IIIA2"
      },
      {
        "code" : "IIIB",
        "display" : "Stage IIIB"
      },
      {
        "code" : "IIIC",
        "display" : "Stage IIIC"
      },
      {
        "code" : "IIIC1",
        "display" : "Stage IIIC1"
      },
      {
        "code" : "IIIC2",
        "display" : "Stage IIIC2"
      },
      {
        "code" : "IV",
        "display" : "Stage IV"
      },
      {
        "code" : "IVA",
        "display" : "Stage IVA"
      },
      {
        "code" : "IVB",
        "display" : "Stage IVB"
      },
      {
        "code" : "IVC",
        "display" : "Stage IVC"
      }]
    }]
  }
}