{
  "resourceType": "ValueSet",
  "id": "study-focus-ncit",
  "text": {
    "status": "generated",
    "div": "<div xmlns=\"http://www.w3.org/1999/xhtml\"><ul><li>Include these codes as defined in <code>http://ncicb.nci.nih.gov/xml/owl/EVS/Thesaurus.owl</code><table class=\"none\"><tr><td style=\"white-space:nowrap\"><b>Code</b></td><td><b>Display</b></td></tr><tr><td>C1909</td><td>Pharmacologic Substance</td></tr><tr><td>C16830</td><td>Medical Device</td></tr><tr><td>C78523</td><td>Cosmetic</td></tr><tr><td>C1505</td><td>Dietary Supplement</td></tr></table></li></ul></div>"
  },
  "url": "https://www.vision-zero-oncology.de/fhir/ValueSet/study-focus-ncit",
  "version": "0.1.0",
  "name": "VS_StudyFocus_NCIT",
  "title": "ValueSet Study Focus NCIt",
  "status": "active",
  "date": "2022-08-22T12:50:52+00:00",
  "publisher": "Berlin Institute of Health at Charité (BIH)",
  "contact": [
    {
      "name": "Berlin Institute of Health at Charité (BIH)",
      "telecom": [
        {
          "system": "url",
          "value": "https://www.bihealth.org/"
        }
      ]
    }
  ],
  "description": "Study Focus aus NCI Thesaurus (NCIt)",
  "jurisdiction": [
    {
      "coding": [
        {
          "system": "urn:iso:std:iso:3166",
          "code": "DEU"
        }
      ]
    }
  ],
  "copyright": "NCI THESAURUS is a registered trademark of the National Cancer Institute.",
  "compose": {
    "include": [
      {
        "system": "http://ncicb.nci.nih.gov/xml/owl/EVS/Thesaurus.owl",
        "concept": [
          {
            "code": "C1909",
            "display": "Pharmacologic Substance"
          },
          {
            "code": "C16830",
            "display": "Medical Device"
          },
          {
            "code": "C78523",
            "display": "Cosmetic"
          },
          {
            "code": "C1505",
            "display": "Dietary Supplement"
          }
        ]
      }
    ]
  }
}