{
  "resourceType": "ValueSet",
  "id": "vs-tnm-stage-group-uicc",
  "text": {
    "status": "generated",
    "div": "<div xmlns=\"http://www.w3.org/1999/xhtml\"><ul><li>Include these codes as defined in <code>urn:oid:2.16.840.1.113883.15.16</code><table class=\"none\"><tr><td style=\"white-space:nowrap\"><b>Code</b></td><td><b>Display</b></td></tr><tr><td>okk</td><td>Stage X</td></tr><tr><td>0</td><td>Stage 0</td></tr><tr><td>0a</td><td>Stage 0a</td></tr><tr><td>0is</td><td>Stage 0is</td></tr><tr><td>I</td><td>Stage I</td></tr><tr><td>IA1</td><td>Stage IA1</td></tr><tr><td>IA2</td><td>Stage IA2</td></tr><tr><td>IA3</td><td>Stage IA3</td></tr><tr><td>IB</td><td>Stage IB</td></tr><tr><td>IB1</td><td>Stage IB1</td></tr><tr><td>IB2</td><td>Stage IB2</td></tr><tr><td>IC</td><td>Stage IC</td></tr><tr><td>IS</td><td>Stage IS</td></tr><tr><td>II</td><td>Stage II</td></tr><tr><td>IIA</td><td>Stage IIA</td></tr><tr><td>IIA1</td><td>Stage IIA1</td></tr><tr><td>IIA2</td><td>Stage IIA2</td></tr><tr><td>IIB</td><td>Stage IIB</td></tr><tr><td>IIC</td><td>Stage IIC</td></tr><tr><td>III</td><td>Stage III</td></tr><tr><td>IIIA</td><td>Stage IIIA</td></tr><tr><td>IIIA1</td><td>Stage IIIA1</td></tr><tr><td>IIIA2</td><td>Stage IIIA2</td></tr><tr><td>IIIB</td><td>Stage IIIB</td></tr><tr><td>IIIC</td><td>Stage IIIC</td></tr><tr><td>IIIC1</td><td>Stage IIIC1</td></tr><tr><td>IIIC2</td><td>Stage IIIC2</td></tr><tr><td>IV</td><td>Stage IV</td></tr><tr><td>IVA</td><td>Stage IVA</td></tr><tr><td>IVB</td><td>Stage IVB</td></tr><tr><td>IVC</td><td>Stage IVC</td></tr></table></li></ul></div>"
  },
  "url": "https://www.vision-zero-oncology.de/fhir/ValueSet/tnm-stage-group-uicc",
  "version": "0.1.0",
  "name": "VS_TNM_Stage_Group_UICC",
  "title": "ValueSet TNM Stage Group UICC",
  "status": "active",
  "date": "2022-05-23T13:12:45+00:00",
  "publisher": "Berlin Institute of Health at Charité (BIH)",
  "contact": [
    {
      "name": "Berlin Institute of Health at Charité (BIH)",
      "telecom": [
        {
          "system": "url",
          "value": "https://www.bihealth.org/"
        }
      ]
    }
  ],
  "description": "The ValueSet contains codes for the TNM stage groups ranging from I to IV to group cancer patients with similar prognosis from TNM 8th edition UICC.",
  "jurisdiction": [
    {
      "coding": [
        {
          "system": "urn:iso:std:iso:3166",
          "code": "DEU"
        }
      ]
    }
  ],
  "copyright": "CC-BY-SA-4.0",
  "compose": {
    "include": [
      {
        "system": "urn:oid:2.16.840.1.113883.15.16",
        "concept": [
          {
            "code": "okk",
            "display": "Stage X"
          },
          {
            "code": "0",
            "display": "Stage 0"
          },
          {
            "code": "0a",
            "display": "Stage 0a"
          },
          {
            "code": "0is",
            "display": "Stage 0is"
          },
          {
            "code": "I",
            "display": "Stage I"
          },
          {
            "code": "IA1",
            "display": "Stage IA1"
          },
          {
            "code": "IA2",
            "display": "Stage IA2"
          },
          {
            "code": "IA3",
            "display": "Stage IA3"
          },
          {
            "code": "IB",
            "display": "Stage IB"
          },
          {
            "code": "IB1",
            "display": "Stage IB1"
          },
          {
            "code": "IB2",
            "display": "Stage IB2"
          },
          {
            "code": "IC",
            "display": "Stage IC"
          },
          {
            "code": "IS",
            "display": "Stage IS"
          },
          {
            "code": "II",
            "display": "Stage II"
          },
          {
            "code": "IIA",
            "display": "Stage IIA"
          },
          {
            "code": "IIA1",
            "display": "Stage IIA1"
          },
          {
            "code": "IIA2",
            "display": "Stage IIA2"
          },
          {
            "code": "IIB",
            "display": "Stage IIB"
          },
          {
            "code": "IIC",
            "display": "Stage IIC"
          },
          {
            "code": "III",
            "display": "Stage III"
          },
          {
            "code": "IIIA",
            "display": "Stage IIIA"
          },
          {
            "code": "IIIA1",
            "display": "Stage IIIA1"
          },
          {
            "code": "IIIA2",
            "display": "Stage IIIA2"
          },
          {
            "code": "IIIB",
            "display": "Stage IIIB"
          },
          {
            "code": "IIIC",
            "display": "Stage IIIC"
          },
          {
            "code": "IIIC1",
            "display": "Stage IIIC1"
          },
          {
            "code": "IIIC2",
            "display": "Stage IIIC2"
          },
          {
            "code": "IV",
            "display": "Stage IV"
          },
          {
            "code": "IVA",
            "display": "Stage IVA"
          },
          {
            "code": "IVB",
            "display": "Stage IVB"
          },
          {
            "code": "IVC",
            "display": "Stage IVC"
          }
        ]
      }
    ]
  }
}