<?xml version="1.0" encoding="UTF-8"?>

<ValueSet xmlns="http://hl7.org/fhir">
  <id value="vs-tnm-l-lymphatic-invasion-uicc"/>
  <text>
    <status value="generated"/><div xmlns="http://www.w3.org/1999/xhtml"><ul><li>Include these codes as defined in <code>urn:oid:2.16.840.1.113883.15.16</code><table class="none"><tr><td style="white-space:nowrap"><b>Code</b></td><td><b>Display</b></td></tr><tr><td>L0</td><td>L0</td></tr><tr><td>L1</td><td>L1</td></tr><tr><td>LX</td><td>LX</td></tr></table></li></ul></div>
  </text>
  <url value="https://www.vision-zero-oncology.de/fhir/ValueSet/tnm-l-lymphatic-invasion-uicc"/>
  <version value="0.1.0"/>
  <name value="VS_TNM_L_Lymphatic_Invasion_UICC"/>
  <title value="ValueSet TNM L-Descriptor Lymphatic Invasion UICC"/>
  <status value="draft"/>
  <date value="2022-11-21T12:36:42+00:00"/>
  <publisher value="Berlin Institute of Health at Charité (BIH)"/>
  <contact>
    <name value="Berlin Institute of Health at Charité (BIH)"/>
    <telecom>
      <system value="url"/>
      <value value="https://www.bihealth.org/"/>
    </telecom>
  </contact>
  <description value="This ValueSet contains the TNM degree of lymphatic invasion codes used with the L-descriptor from TNM 8th edition UICC."/>
  <jurisdiction>
    <coding>
      <system value="urn:iso:std:iso:3166"/>
      <code value="DEU"/>
    </coding>
  </jurisdiction>
  <copyright value="CC-BY-SA-4.0"/>
  <compose>
    <include>
      <system value="urn:oid:2.16.840.1.113883.15.16"/>
      <concept>
        <code value="L0"/>
        <display value="L0"/>
      </concept>
      <concept>
        <code value="L1"/>
        <display value="L1"/>
      </concept>
      <concept>
        <code value="LX"/>
        <display value="LX"/>
      </concept>
    </include>
  </compose>
</ValueSet>