<?xml version="1.0" encoding="UTF-8"?>

<ValueSet xmlns="http://hl7.org/fhir">
  <id value="vs-studiendesign-ncit"/>
  <text>
    <status value="generated"/><div xmlns="http://www.w3.org/1999/xhtml"><ul><li>Include these codes as defined in <code>http://ncicb.nci.nih.gov/xml/owl/EVS/Thesaurus.owl</code><table class="none"><tr><td style="white-space:nowrap"><b>Code</b></td><td><b>Display</b></td></tr><tr><td>C165842</td><td>Umbrella Protocol</td></tr><tr><td>C165823</td><td>Basket Protocol</td></tr><tr><td>C139174</td><td>Device Feasibility Study</td></tr><tr><td>C49656</td><td>Treatment Study</td></tr><tr><td>C15197</td><td>Case-Control Study</td></tr><tr><td>C15362</td><td>Case Study</td></tr><tr><td>C127779</td><td>Observational Case-Crossover Study</td></tr><tr><td>C127780</td><td>Ecologic or Community Based Study</td></tr><tr><td>C15407</td><td>Family Study</td></tr><tr><td>C15208</td><td>Cohort Study</td></tr><tr><td>C139456</td><td>Trend Analysis</td></tr><tr><td>C53311</td><td>Panel Study</td></tr><tr><td>C15273</td><td>Longitudinal Study</td></tr><tr><td>C53310</td><td>Cross-Sectional Study</td></tr><tr><td>C15311</td><td>Quality Control</td></tr></table></li></ul></div>
  </text>
  <url value="https://www.vision-zero-oncology.de/fhir/ValueSet/studiendesign-ncit"/>
  <version value="0.1.0"/>
  <name value="VS_Studiendesign_NCIT"/>
  <title value="ValueSet Studiendesign NCIt"/>
  <status value="active"/>
  <date value="2022-07-14T07:12:54+00:00"/>
  <publisher value="Berlin Institute of Health at Charité (BIH)"/>
  <contact>
    <name value="Berlin Institute of Health at Charité (BIH)"/>
    <telecom>
      <system value="url"/>
      <value value="https://www.bihealth.org/"/>
    </telecom>
  </contact>
  <description value="Studiendesign aus NCI Thesaurus (NCIt)"/>
  <jurisdiction>
    <coding>
      <system value="urn:iso:std:iso:3166"/>
      <code value="DEU"/>
    </coding>
  </jurisdiction>
  <copyright value="NCI THESAURUS is a registered trademark of the National Cancer Institute."/>
  <compose>
    <include>
      <system value="http://ncicb.nci.nih.gov/xml/owl/EVS/Thesaurus.owl"/>
      <concept>
        <code value="C165842"/>
        <display value="Umbrella Protocol"/>
      </concept>
      <concept>
        <code value="C165823"/>
        <display value="Basket Protocol"/>
      </concept>
      <concept>
        <code value="C139174"/>
        <display value="Device Feasibility Study"/>
      </concept>
      <concept>
        <code value="C49656"/>
        <display value="Treatment Study"/>
      </concept>
      <concept>
        <code value="C15197"/>
        <display value="Case-Control Study"/>
      </concept>
      <concept>
        <code value="C15362"/>
        <display value="Case Study"/>
      </concept>
      <concept>
        <code value="C127779"/>
        <display value="Observational Case-Crossover Study"/>
      </concept>
      <concept>
        <code value="C127780"/>
        <display value="Ecologic or Community Based Study"/>
      </concept>
      <concept>
        <code value="C15407"/>
        <display value="Family Study"/>
      </concept>
      <concept>
        <code value="C15208"/>
        <display value="Cohort Study"/>
      </concept>
      <concept>
        <code value="C139456"/>
        <display value="Trend Analysis"/>
      </concept>
      <concept>
        <code value="C53311"/>
        <display value="Panel Study"/>
      </concept>
      <concept>
        <code value="C15273"/>
        <display value="Longitudinal Study"/>
      </concept>
      <concept>
        <code value="C53310"/>
        <display value="Cross-Sectional Study"/>
      </concept>
      <concept>
        <code value="C15311"/>
        <display value="Quality Control"/>
      </concept>
    </include>
  </compose>
</ValueSet>