{"resourceType":"ImplementationGuide","id":"gold","text":{"status":"extensions","div":"<div xmlns=\"http://www.w3.org/1999/xhtml\"><h2>GOLD</h2><p>The official URL for this implementation guide is: </p><pre>https://www.vision-zero-oncology.de/fhir/ImplementationGuide/gold</pre><div><p>Implementation Guide German Oncological Data Standard (GOLD)</p>\n</div></div>"},"url":"https://www.vision-zero-oncology.de/fhir/ImplementationGuide/gold","version":"0.1.0","name":"GOLD","title":"German Oncological Data Standard (GOLD)","status":"draft","date":"2022-03-28","publisher":"Berlin Institute of Health at Charité (BIH)","contact":[{"name":"Berlin Institute of Health at Charité (BIH)","telecom":[{"system":"url","value":"https://www.bihealth.org/"}]}],"description":"Implementation Guide German Oncological Data Standard (GOLD)","jurisdiction":[{"coding":[{"system":"urn:iso:std:iso:3166","code":"DEU"}]}],"copyright":"CC-BY-SA-4.0","packageId":"gold","license":"CC-BY-SA-4.0","fhirVersion":["4.0.1"],"dependsOn":[{"id":"de_basisprofil_r4","uri":"http://fhir.org/packages/de.basisprofil.r4/ImplementationGuide/de.basisprofil.r4","packageId":"de.basisprofil.r4","version":"1.3.1"}],"definition":{"extension":[{"extension":[{"url":"code","valueString":"copyrightyear"},{"url":"value","valueString":"2021+"}],"url":"http://hl7.org/fhir/tools/StructureDefinition/ig-parameter"},{"extension":[{"url":"code","valueString":"releaselabel"},{"url":"value","valueString":"CI Build"}],"url":"http://hl7.org/fhir/tools/StructureDefinition/ig-parameter"},{"extension":[{"url":"code","valueString":"path-liquid"},{"url":"value","valueString":"template/liquid"}],"url":"http://hl7.org/fhir/tools/StructureDefinition/ig-parameter"},{"extension":[{"url":"code","valueString":"path-liquid"},{"url":"value","valueString":"input/liquid"}],"url":"http://hl7.org/fhir/tools/StructureDefinition/ig-parameter"},{"extension":[{"url":"code","valueString":"path-qa"},{"url":"value","valueString":"temp/qa"}],"url":"http://hl7.org/fhir/tools/StructureDefinition/ig-parameter"},{"extension":[{"url":"code","valueString":"path-temp"},{"url":"value","valueString":"temp/pages"}],"url":"http://hl7.org/fhir/tools/StructureDefinition/ig-parameter"},{"extension":[{"url":"code","valueString":"path-output"},{"url":"value","valueString":"output"}],"url":"http://hl7.org/fhir/tools/StructureDefinition/ig-parameter"},{"extension":[{"url":"code","valueString":"path-suppressed-warnings"},{"url":"value","valueString":"input/ignoreWarnings.txt"}],"url":"http://hl7.org/fhir/tools/StructureDefinition/ig-parameter"},{"extension":[{"url":"code","valueString":"path-history"},{"url":"value","valueString":"https://www.vision-zero-oncology.de/fhir/history.html"}],"url":"http://hl7.org/fhir/tools/StructureDefinition/ig-parameter"},{"extension":[{"url":"code","valueString":"template-html"},{"url":"value","valueString":"template-page.html"}],"url":"http://hl7.org/fhir/tools/StructureDefinition/ig-parameter"},{"extension":[{"url":"code","valueString":"template-md"},{"url":"value","valueString":"template-page-md.html"}],"url":"http://hl7.org/fhir/tools/StructureDefinition/ig-parameter"},{"extension":[{"url":"code","valueString":"apply-contact"},{"url":"value","valueString":"true"}],"url":"http://hl7.org/fhir/tools/StructureDefinition/ig-parameter"},{"extension":[{"url":"code","valueString":"apply-context"},{"url":"value","valueString":"true"}],"url":"http://hl7.org/fhir/tools/StructureDefinition/ig-parameter"},{"extension":[{"url":"code","valueString":"apply-copyright"},{"url":"value","valueString":"true"}],"url":"http://hl7.org/fhir/tools/StructureDefinition/ig-parameter"},{"extension":[{"url":"code","valueString":"apply-jurisdiction"},{"url":"value","valueString":"true"}],"url":"http://hl7.org/fhir/tools/StructureDefinition/ig-parameter"},{"extension":[{"url":"code","valueString":"apply-license"},{"url":"value","valueString":"true"}],"url":"http://hl7.org/fhir/tools/StructureDefinition/ig-parameter"},{"extension":[{"url":"code","valueString":"apply-publisher"},{"url":"value","valueString":"true"}],"url":"http://hl7.org/fhir/tools/StructureDefinition/ig-parameter"},{"extension":[{"url":"code","valueString":"apply-version"},{"url":"value","valueString":"true"}],"url":"http://hl7.org/fhir/tools/StructureDefinition/ig-parameter"},{"extension":[{"url":"code","valueString":"active-tables"},{"url":"value","valueString":"true"}],"url":"http://hl7.org/fhir/tools/StructureDefinition/ig-parameter"},{"extension":[{"url":"code","valueString":"fmm-definition"},{"url":"value","valueString":"http://hl7.org/fhir/versions.html#maturity"}],"url":"http://hl7.org/fhir/tools/StructureDefinition/ig-parameter"},{"extension":[{"url":"code","valueString":"propagate-status"},{"url":"value","valueString":"true"}],"url":"http://hl7.org/fhir/tools/StructureDefinition/ig-parameter"},{"extension":[{"url":"code","valueString":"excludelogbinaryformat"},{"url":"value","valueString":"true"}],"url":"http://hl7.org/fhir/tools/StructureDefinition/ig-parameter"}],"grouping":[{"id":"-str-profile","name":"Structures: Resource Profiles","description":"These define constraints on FHIR resources for systems conforming to this implementation guide"},{"id":"-str-extension","name":"Structures: Extension Definitions","description":"These define constraints on FHIR data types for systems conforming to this implementation guide"},{"id":"-term-valueset","name":"Terminology: Value Sets","description":"These define sets of codes used by systems conforming to this implementation guide"},{"id":"-ex-example","name":"Example: Example Instances","description":"These are example instances that show what data produced and consumed by systems conforming with this implementation guide might look like"}],"resource":[{"extension":[{"url":"http://hl7.org/fhir/StructureDefinition/implementationguide-page","valueUri":"StructureDefinition-body-height.html"}],"reference":{"reference":"StructureDefinition/body-height"},"name":"Profile Body Height","description":"Profile for body height of a patient","exampleBoolean":false,"groupingId":"-str-profile"},{"extension":[{"url":"http://hl7.org/fhir/StructureDefinition/implementationguide-page","valueUri":"StructureDefinition-body-weight.html"}],"reference":{"reference":"StructureDefinition/body-weight"},"name":"Profile Body Weight","description":"Profile for body weight of a patient","exampleBoolean":false,"groupingId":"-str-profile"},{"extension":[{"url":"http://hl7.org/fhir/StructureDefinition/implementationguide-page","valueUri":"StructureDefinition-ecog-performance-status.html"}],"reference":{"reference":"StructureDefinition/ecog-performance-status"},"name":"Profile ECOG Performance Status","description":"Profile for the Eastern Cooperative Oncology Group (ECOG) Performance Status that represents a cancer patient's functional status.","exampleBoolean":false,"groupingId":"-str-profile"},{"extension":[{"url":"http://hl7.org/fhir/StructureDefinition/implementationguide-page","valueUri":"StructureDefinition-histology-topography.html"}],"reference":{"reference":"StructureDefinition/histology-topography"},"name":"Profile Histology Topography","description":"Profile for the classification of a tumor's morphology(histology) and topography using ICD-O-3.","exampleBoolean":false,"groupingId":"-str-profile"},{"extension":[{"url":"http://hl7.org/fhir/StructureDefinition/implementationguide-page","valueUri":"StructureDefinition-histopathological-grading-who.html"}],"reference":{"reference":"StructureDefinition/histopathological-grading-who"},"name":"Profile Histopathological Tumor Grading WHO","description":"Profile for the description of a tumor's grade using the general four-tier grading scheme following the recommendations of the WHO classification of tumors and UICC.","exampleBoolean":false,"groupingId":"-str-profile"},{"extension":[{"url":"http://hl7.org/fhir/StructureDefinition/implementationguide-page","valueUri":"StructureDefinition-karnofsky-performance-status.html"}],"reference":{"reference":"StructureDefinition/karnofsky-performance-status"},"name":"Profile Karnofsky Performance Status","description":"Profile for the Karnofsky Performance Status to measure a cancer patient's ability to perform ordinary tasks.","exampleBoolean":false,"groupingId":"-str-profile"},{"extension":[{"url":"http://hl7.org/fhir/StructureDefinition/implementationguide-page","valueUri":"StructureDefinition-uicc-tnm.html"}],"reference":{"reference":"StructureDefinition/uicc-tnm"},"name":"Profile UICC TNM","description":"Profile for the tumor classification using TNM stage group (I, II, III, or IV) or TNM staging elements (T, N, and M).","exampleBoolean":false,"groupingId":"-str-profile"},{"extension":[{"url":"http://hl7.org/fhir/StructureDefinition/implementationguide-page","valueUri":"StructureDefinition-vital-signs-base.html"}],"reference":{"reference":"StructureDefinition/vital-signs-base"},"name":"Profile Vital Signs Base","description":"Profile for the base definition of all vital signs. May not be used directly. Only for reprofiling purposes.","exampleBoolean":false,"groupingId":"-str-profile"},{"extension":[{"url":"http://hl7.org/fhir/StructureDefinition/implementationguide-page","valueUri":"StructureDefinition-uicc-tnm-prefix-cpu.html"}],"reference":{"reference":"StructureDefinition/uicc-tnm-prefix-cpu"},"name":"Extension UICC TNM Prefix CPU","description":"The Extension allows to add c, p and u prefixes to TNM stages.","exampleBoolean":false,"groupingId":"-str-extension"},{"extension":[{"url":"http://hl7.org/fhir/StructureDefinition/implementationguide-page","valueUri":"StructureDefinition-uicc-tnm-suffix-itc.html"}],"reference":{"reference":"StructureDefinition/uicc-tnm-suffix-itc"},"name":"Extension UICC TNM Suffix ITC","description":"The Extension allows to add isolated tumor cells (ITC) suffixes to the N- and M-categories in TNM.","exampleBoolean":false,"groupingId":"-str-extension"},{"extension":[{"url":"http://hl7.org/fhir/StructureDefinition/implementationguide-page","valueUri":"StructureDefinition-uicc-tnm-suffix-itc-sn.html"}],"reference":{"reference":"StructureDefinition/uicc-tnm-suffix-itc-sn"},"name":"Extension UICC TNM Suffix ITC SN","description":"The Extension allows to add isolated tumor cells (ITC) sentinel lymph nodes (sn) suffix to the N-category in TNM.","exampleBoolean":false,"groupingId":"-str-extension"},{"extension":[{"url":"http://hl7.org/fhir/StructureDefinition/implementationguide-page","valueUri":"ValueSet-vs-ecog-performance-status-snomed.html"}],"reference":{"reference":"ValueSet/vs-ecog-performance-status-snomed"},"name":"ValueSet ECOG Performance Status SNOMED","description":"The ValueSet contains the ECOG Performance Status values from SNOMED CT.","exampleBoolean":false,"groupingId":"-term-valueset"},{"extension":[{"url":"http://hl7.org/fhir/StructureDefinition/implementationguide-page","valueUri":"ValueSet-vs-histopathological-grade-snomed.html"}],"reference":{"reference":"ValueSet/vs-histopathological-grade-snomed"},"name":"ValueSet Histologic Grade SNOMED","description":"The ValueSet contains codes for the tumor grading system following the recommendations of the WHO Classification of Tumors from SNOMED CT.","exampleBoolean":false,"groupingId":"-term-valueset"},{"extension":[{"url":"http://hl7.org/fhir/StructureDefinition/implementationguide-page","valueUri":"ValueSet-vs-morphology-icd-o-3.html"}],"reference":{"reference":"ValueSet/vs-morphology-icd-o-3"},"name":"ValueSet Morphology ICD-O-3","description":"The ValueSet contains the morphology (histology) codes from ICD-O-3.","exampleBoolean":false,"groupingId":"-term-valueset"},{"extension":[{"url":"http://hl7.org/fhir/StructureDefinition/implementationguide-page","valueUri":"ValueSet-vs-morphology-snomed.html"}],"reference":{"reference":"ValueSet/vs-morphology-snomed"},"name":"ValueSet Morphology SNOMED","description":"The ValueSet contains the morphology (histology) codes from SNOMED CT.","exampleBoolean":false,"groupingId":"-term-valueset"},{"extension":[{"url":"http://hl7.org/fhir/StructureDefinition/implementationguide-page","valueUri":"ValueSet-vs-tnm-classification-type-loinc.html"}],"reference":{"reference":"ValueSet/vs-tnm-classification-type-loinc"},"name":"ValueSet TNM Classification Type LOINC","description":"This ValueSet contains codes to specifiy the type of TNM classification as clinical (cTNM) or pathological (pTNM).","exampleBoolean":false,"groupingId":"-term-valueset"},{"extension":[{"url":"http://hl7.org/fhir/StructureDefinition/implementationguide-page","valueUri":"ValueSet-vs-tnm-l-lymphatic-invasion-uicc.html"}],"reference":{"reference":"ValueSet/vs-tnm-l-lymphatic-invasion-uicc"},"name":"ValueSet TNM L-Descriptor Lymphatic Invasion UICC","description":"This ValueSet contains the TNM degree of lymphatic invasion codes used with the L-descriptor from UICC.","exampleBoolean":false,"groupingId":"-term-valueset"},{"extension":[{"url":"http://hl7.org/fhir/StructureDefinition/implementationguide-page","valueUri":"ValueSet-vs-tnm-m-category-uicc.html"}],"reference":{"reference":"ValueSet/vs-tnm-m-category-uicc"},"name":"ValueSet TNM M Category UICC","description":"This ValueSet contains the TNM M category codes from UICC.","exampleBoolean":false,"groupingId":"-term-valueset"},{"extension":[{"url":"http://hl7.org/fhir/StructureDefinition/implementationguide-page","valueUri":"ValueSet-vs-tnm-m-staging-type-loinc.html"}],"reference":{"reference":"ValueSet/vs-tnm-m-staging-type-loinc"},"name":"ValueSet TNM M Staging Type LOINC","description":"This ValueSet contains codes to specifiy the TNM distant metastases (M) category as clinical (cM) or pathological (pM).","exampleBoolean":false,"groupingId":"-term-valueset"},{"extension":[{"url":"http://hl7.org/fhir/StructureDefinition/implementationguide-page","valueUri":"ValueSet-vs-tnm-n-category-uicc.html"}],"reference":{"reference":"ValueSet/vs-tnm-n-category-uicc"},"name":"ValueSet TNM N Category UICC","description":"This ValueSet contains the TNM N category codes from UICC.","exampleBoolean":false,"groupingId":"-term-valueset"},{"extension":[{"url":"http://hl7.org/fhir/StructureDefinition/implementationguide-page","valueUri":"ValueSet-vs-tnm-n-staging-type-loinc.html"}],"reference":{"reference":"ValueSet/vs-tnm-n-staging-type-loinc"},"name":"ValueSet TNM N Staging Type LOINC","description":"This ValueSet contains codes to specifiy the TNM regional lymph nodes (N) category as clinical (cN) or pathological (pN).","exampleBoolean":false,"groupingId":"-term-valueset"},{"extension":[{"url":"http://hl7.org/fhir/StructureDefinition/implementationguide-page","valueUri":"ValueSet-vs-tnm-pn-perineural-invasion-uicc.html"}],"reference":{"reference":"ValueSet/vs-tnm-pn-perineural-invasion-uicc"},"name":"ValueSet TNM Pn-Descriptor Perineural Invasion UICC","description":"This ValueSet contains the TNM degree of perineural (lymphatic nerve sheet) invasion codes used with the Pn-descriptor from UICC.","exampleBoolean":false,"groupingId":"-term-valueset"},{"extension":[{"url":"http://hl7.org/fhir/StructureDefinition/implementationguide-page","valueUri":"ValueSet-vs-tnm-prefix-cpu-uicc.html"}],"reference":{"reference":"ValueSet/vs-tnm-prefix-cpu-uicc"},"name":"ValueSet TNM Prefix CPU UICC","description":"This ValueSet contains the c, p and u prefixes for TNM stages from UICC.","exampleBoolean":false,"groupingId":"-term-valueset"},{"extension":[{"url":"http://hl7.org/fhir/StructureDefinition/implementationguide-page","valueUri":"ValueSet-vs-tnm-s-serum-tumor-markers-uicc.html"}],"reference":{"reference":"ValueSet/vs-tnm-s-serum-tumor-markers-uicc"},"name":"ValueSet TNM S Serum Tumour Markers UICC","description":"This ValueSet contains the TNM serum levels of tumor markers coded for germ cell tumors used with the S-symbol from UICC.","exampleBoolean":false,"groupingId":"-term-valueset"},{"extension":[{"url":"http://hl7.org/fhir/StructureDefinition/implementationguide-page","valueUri":"ValueSet-vs-tnm-stage-group-uicc.html"}],"reference":{"reference":"ValueSet/vs-tnm-stage-group-uicc"},"name":"ValueSet TNM Stage Group UICC","description":"The ValueSet contains codes for the UICC TNM stage groups ranging from I to IV to group cancer patients with similar prognosis.","exampleBoolean":false,"groupingId":"-term-valueset"},{"extension":[{"url":"http://hl7.org/fhir/StructureDefinition/implementationguide-page","valueUri":"ValueSet-vs-tnm-suffix-itc-sn-uicc.html"}],"reference":{"reference":"ValueSet/vs-tnm-suffix-itc-sn-uicc"},"name":"ValueSet TNM Suffix ITC SN UICC","description":"This ValueSet contains the isolated tumor cells (ITC) sentinel lymph nodes (sn) suffix for the N-category in TNM from UICC.","exampleBoolean":false,"groupingId":"-term-valueset"},{"extension":[{"url":"http://hl7.org/fhir/StructureDefinition/implementationguide-page","valueUri":"ValueSet-vs-tnm-suffix-itc-uicc.html"}],"reference":{"reference":"ValueSet/vs-tnm-suffix-itc-uicc"},"name":"ValueSet TNM Suffix ITC UICC","description":"This ValueSet contains the isolated tumor cells (ITC) suffixes for N- and M-category in TNM from UICC.","exampleBoolean":false,"groupingId":"-term-valueset"},{"extension":[{"url":"http://hl7.org/fhir/StructureDefinition/implementationguide-page","valueUri":"ValueSet-vs-tnm-t-category-uicc.html"}],"reference":{"reference":"ValueSet/vs-tnm-t-category-uicc"},"name":"ValueSet TNM T Category UICC","description":"This ValueSet contains the TNM T category codes from UICC.","exampleBoolean":false,"groupingId":"-term-valueset"},{"extension":[{"url":"http://hl7.org/fhir/StructureDefinition/implementationguide-page","valueUri":"ValueSet-vs-tnm-t-multiplicity-uicc.html"}],"reference":{"reference":"ValueSet/vs-tnm-t-multiplicity-uicc"},"name":"ValueSet TNM T Multiplicity UICC","description":"This ValueSet contains the TNM primary tumor multiplicity codes used with the m-symbol from UICC.","exampleBoolean":false,"groupingId":"-term-valueset"},{"extension":[{"url":"http://hl7.org/fhir/StructureDefinition/implementationguide-page","valueUri":"ValueSet-vs-tnm-t-staging-type-loinc.html"}],"reference":{"reference":"ValueSet/vs-tnm-t-staging-type-loinc"},"name":"ValueSet TNM T Staging Type LOINC","description":"This ValueSet contains codes to specifiy the TNM primary tumor (T) category as clinical (cT) or pathological (pT).","exampleBoolean":false,"groupingId":"-term-valueset"},{"extension":[{"url":"http://hl7.org/fhir/StructureDefinition/implementationguide-page","valueUri":"ValueSet-vs-tnm-v-venous-invasion-uicc.html"}],"reference":{"reference":"ValueSet/vs-tnm-v-venous-invasion-uicc"},"name":"ValueSet TNM V-Descriptor Venous Invasion UICC","description":"This ValueSet contains the TNM degree of venous invasion codes used with the V-descriptor from UICC.","exampleBoolean":false,"groupingId":"-term-valueset"},{"extension":[{"url":"http://hl7.org/fhir/StructureDefinition/implementationguide-page","valueUri":"ValueSet-vs-topography-icd-o-3.html"}],"reference":{"reference":"ValueSet/vs-topography-icd-o-3"},"name":"ValueSet Topography ICD-O-3","description":"The ValueSet contains the topography codes from ICD-O-3.","exampleBoolean":false,"groupingId":"-term-valueset"},{"extension":[{"url":"http://hl7.org/fhir/StructureDefinition/implementationguide-page","valueUri":"ValueSet-vs-topography-snomed.html"}],"reference":{"reference":"ValueSet/vs-topography-snomed"},"name":"ValueSet Topography SNOMED","description":"The ValueSet contains the topography codes from SNOMED CT.","exampleBoolean":false,"groupingId":"-term-valueset"},{"extension":[{"url":"http://hl7.org/fhir/StructureDefinition/implementationguide-page","valueUri":"Patient-ExamplePatient.html"}],"reference":{"reference":"Patient/ExamplePatient"},"name":"Example Patient","description":"Example of a patient.","exampleBoolean":true,"groupingId":"-ex-example"},{"extension":[{"url":"http://hl7.org/fhir/StructureDefinition/implementationguide-page","valueUri":"Observation-example-body-height.html"}],"reference":{"reference":"Observation/example-body-height"},"name":"Example Body Height","description":"Example body height of a patient.","exampleCanonical":"https://www.vision-zero-oncology.de/fhir/StructureDefinition/body-height","groupingId":"-ex-example"},{"extension":[{"url":"http://hl7.org/fhir/StructureDefinition/implementationguide-page","valueUri":"Observation-example-body-weight.html"}],"reference":{"reference":"Observation/example-body-weight"},"name":"Example Body Weight","description":"Example body weight of a patient.","exampleCanonical":"https://www.vision-zero-oncology.de/fhir/StructureDefinition/body-weight","groupingId":"-ex-example"},{"extension":[{"url":"http://hl7.org/fhir/StructureDefinition/implementationguide-page","valueUri":"Observation-example-ecog-performance-status.html"}],"reference":{"reference":"Observation/example-ecog-performance-status"},"name":"Example ECOG Performance Status","description":"Example ECOG status observation.","exampleCanonical":"https://www.vision-zero-oncology.de/fhir/StructureDefinition/ecog-performance-status","groupingId":"-ex-example"},{"extension":[{"url":"http://hl7.org/fhir/StructureDefinition/implementationguide-page","valueUri":"Observation-example-histologic-grade.html"}],"reference":{"reference":"Observation/example-histologic-grade"},"name":"Example Histologic Tumor Grade","description":"Example tumor grade using the general four-tier grading scheme.","exampleCanonical":"https://www.vision-zero-oncology.de/fhir/StructureDefinition/histopathological-grading-who","groupingId":"-ex-example"},{"extension":[{"url":"http://hl7.org/fhir/StructureDefinition/implementationguide-page","valueUri":"Observation-example-histology-topography.html"}],"reference":{"reference":"Observation/example-histology-topography"},"name":"Example Histology and Topography","description":"Example tumor histology and topography observation.","exampleCanonical":"https://www.vision-zero-oncology.de/fhir/StructureDefinition/histology-topography","groupingId":"-ex-example"},{"extension":[{"url":"http://hl7.org/fhir/StructureDefinition/implementationguide-page","valueUri":"Observation-example-karnofsky-performance-status.html"}],"reference":{"reference":"Observation/example-karnofsky-performance-status"},"name":"Example Karnofsky Performance Status","description":"Example Karnofsky performance status observation.","exampleCanonical":"https://www.vision-zero-oncology.de/fhir/StructureDefinition/karnofsky-performance-status","groupingId":"-ex-example"},{"extension":[{"url":"http://hl7.org/fhir/StructureDefinition/implementationguide-page","valueUri":"Observation-example-tnm-TisN0M0.html"}],"reference":{"reference":"Observation/example-tnm-TisN0M0"},"name":"Example TNM Tis N0 M0","description":"Example TNM Tis N0 M0.","exampleCanonical":"https://www.vision-zero-oncology.de/fhir/StructureDefinition/uicc-tnm","groupingId":"-ex-example"},{"extension":[{"url":"http://hl7.org/fhir/StructureDefinition/implementationguide-page","valueUri":"Observation-example-tnm-uT2a2pN0i-sncM1.html"}],"reference":{"reference":"Observation/example-tnm-uT2a2pN0i-sncM1"},"name":"Example TNM uT2a2 pN0 (0/23) (i-)(sn) cM1","description":"Example TNM uT2a2 pN0 (0/23) (i-)(sn) cM1.","exampleCanonical":"https://www.vision-zero-oncology.de/fhir/StructureDefinition/uicc-tnm","groupingId":"-ex-example"},{"extension":[{"url":"http://hl7.org/fhir/StructureDefinition/implementationguide-page","valueUri":"Observation-example-vital-signs-base.html"}],"reference":{"reference":"Observation/example-vital-signs-base"},"name":"Example Vital Signs Base Observation","description":"Example of a vital signs base observation.","exampleCanonical":"https://www.vision-zero-oncology.de/fhir/StructureDefinition/vital-signs-base","groupingId":"-ex-example"}],"page":{"nameUrl":"toc.html","title":"Table of Contents","generation":"html","page":[{"nameUrl":"index.html","title":"Home","generation":"markdown"},{"nameUrl":"logicalmodel.html","title":"Logical Model","generation":"markdown"},{"nameUrl":"usecase.html","title":"Use Case","generation":"markdown"},{"nameUrl":"profiles.html","title":"Profiles","generation":"markdown"},{"nameUrl":"extensions.html","title":"Extensions","generation":"markdown"},{"nameUrl":"terminology.html","title":"Terminology","generation":"markdown"},{"nameUrl":"artifacts.html","title":"Artifacts Summary","generation":"html","page":[{"nameUrl":"StructureDefinition-body-height.html","title":"Profile Body Height","generation":"generated"},{"nameUrl":"StructureDefinition-body-weight.html","title":"Profile Body Weight","generation":"generated"},{"nameUrl":"StructureDefinition-ecog-performance-status.html","title":"Profile ECOG Performance Status","generation":"generated"},{"nameUrl":"StructureDefinition-histology-topography.html","title":"Profile Histology Topography","generation":"generated"},{"nameUrl":"StructureDefinition-histopathological-grading-who.html","title":"Profile Histopathological Tumor Grading WHO","generation":"generated"},{"nameUrl":"StructureDefinition-karnofsky-performance-status.html","title":"Profile Karnofsky Performance Status","generation":"generated"},{"nameUrl":"StructureDefinition-uicc-tnm.html","title":"Profile UICC TNM","generation":"generated"},{"nameUrl":"StructureDefinition-vital-signs-base.html","title":"Profile Vital Signs Base","generation":"generated"},{"nameUrl":"StructureDefinition-uicc-tnm-prefix-cpu.html","title":"Extension UICC TNM Prefix CPU","generation":"generated"},{"nameUrl":"StructureDefinition-uicc-tnm-suffix-itc.html","title":"Extension UICC TNM Suffix ITC","generation":"generated"},{"nameUrl":"StructureDefinition-uicc-tnm-suffix-itc-sn.html","title":"Extension UICC TNM Suffix ITC SN","generation":"generated"},{"nameUrl":"ValueSet-vs-ecog-performance-status-snomed.html","title":"ValueSet ECOG Performance Status SNOMED","generation":"generated"},{"nameUrl":"ValueSet-vs-histopathological-grade-snomed.html","title":"ValueSet Histologic Grade SNOMED","generation":"generated"},{"nameUrl":"ValueSet-vs-morphology-icd-o-3.html","title":"ValueSet Morphology ICD-O-3","generation":"generated"},{"nameUrl":"ValueSet-vs-morphology-snomed.html","title":"ValueSet Morphology SNOMED","generation":"generated"},{"nameUrl":"ValueSet-vs-tnm-classification-type-loinc.html","title":"ValueSet TNM Classification Type LOINC","generation":"generated"},{"nameUrl":"ValueSet-vs-tnm-l-lymphatic-invasion-uicc.html","title":"ValueSet TNM L-Descriptor Lymphatic Invasion UICC","generation":"generated"},{"nameUrl":"ValueSet-vs-tnm-m-category-uicc.html","title":"ValueSet TNM M Category UICC","generation":"generated"},{"nameUrl":"ValueSet-vs-tnm-m-staging-type-loinc.html","title":"ValueSet TNM M Staging Type LOINC","generation":"generated"},{"nameUrl":"ValueSet-vs-tnm-n-category-uicc.html","title":"ValueSet TNM N Category UICC","generation":"generated"},{"nameUrl":"ValueSet-vs-tnm-n-staging-type-loinc.html","title":"ValueSet TNM N Staging Type LOINC","generation":"generated"},{"nameUrl":"ValueSet-vs-tnm-pn-perineural-invasion-uicc.html","title":"ValueSet TNM Pn-Descriptor Perineural Invasion UICC","generation":"generated"},{"nameUrl":"ValueSet-vs-tnm-prefix-cpu-uicc.html","title":"ValueSet TNM Prefix CPU UICC","generation":"generated"},{"nameUrl":"ValueSet-vs-tnm-s-serum-tumor-markers-uicc.html","title":"ValueSet TNM S Serum Tumour Markers UICC","generation":"generated"},{"nameUrl":"ValueSet-vs-tnm-stage-group-uicc.html","title":"ValueSet TNM Stage Group UICC","generation":"generated"},{"nameUrl":"ValueSet-vs-tnm-suffix-itc-sn-uicc.html","title":"ValueSet TNM Suffix ITC SN UICC","generation":"generated"},{"nameUrl":"ValueSet-vs-tnm-suffix-itc-uicc.html","title":"ValueSet TNM Suffix ITC UICC","generation":"generated"},{"nameUrl":"ValueSet-vs-tnm-t-category-uicc.html","title":"ValueSet TNM T Category UICC","generation":"generated"},{"nameUrl":"ValueSet-vs-tnm-t-multiplicity-uicc.html","title":"ValueSet TNM T Multiplicity UICC","generation":"generated"},{"nameUrl":"ValueSet-vs-tnm-t-staging-type-loinc.html","title":"ValueSet TNM T Staging Type LOINC","generation":"generated"},{"nameUrl":"ValueSet-vs-tnm-v-venous-invasion-uicc.html","title":"ValueSet TNM V-Descriptor Venous Invasion UICC","generation":"generated"},{"nameUrl":"ValueSet-vs-topography-icd-o-3.html","title":"ValueSet Topography ICD-O-3","generation":"generated"},{"nameUrl":"ValueSet-vs-topography-snomed.html","title":"ValueSet Topography SNOMED","generation":"generated"},{"nameUrl":"Patient-ExamplePatient.html","title":"Example Patient","generation":"generated"},{"nameUrl":"Observation-example-body-height.html","title":"Example Body Height","generation":"generated"},{"nameUrl":"Observation-example-body-weight.html","title":"Example Body Weight","generation":"generated"},{"nameUrl":"Observation-example-ecog-performance-status.html","title":"Example ECOG Performance Status","generation":"generated"},{"nameUrl":"Observation-example-histologic-grade.html","title":"Example Histologic Tumor Grade","generation":"generated"},{"nameUrl":"Observation-example-histology-topography.html","title":"Example Histology and Topography","generation":"generated"},{"nameUrl":"Observation-example-karnofsky-performance-status.html","title":"Example Karnofsky Performance Status","generation":"generated"},{"nameUrl":"Observation-example-tnm-TisN0M0.html","title":"Example TNM Tis N0 M0","generation":"generated"},{"nameUrl":"Observation-example-tnm-uT2a2pN0i-sncM1.html","title":"Example TNM uT2a2 pN0 (0/23) (i-)(sn) cM1","generation":"generated"},{"nameUrl":"Observation-example-vital-signs-base.html","title":"Example Vital Signs Base Observation","generation":"generated"}]}]},"parameter":[{"code":"path-resource","value":"input/capabilities"},{"code":"path-resource","value":"input/examples"},{"code":"path-resource","value":"input/extensions"},{"code":"path-resource","value":"input/models"},{"code":"path-resource","value":"input/operations"},{"code":"path-resource","value":"input/profiles"},{"code":"path-resource","value":"input/resources"},{"code":"path-resource","value":"input/vocabulary"},{"code":"path-resource","value":"input/maps"},{"code":"path-resource","value":"input/testing"},{"code":"path-resource","value":"input/history"},{"code":"path-resource","value":"fsh-generated/resources"},{"code":"path-pages","value":"template/config"},{"code":"path-pages","value":"input/images"},{"code":"path-tx-cache","value":"input-cache/txcache"}]}}