{"resourceType":"ValueSet","id":"tnm-n-category-uicc","text":{"status":"generated","div":"<div xmlns=\"http://www.w3.org/1999/xhtml\"><ul><li>Include these codes as defined in <code>urn:oid:2.16.840.1.113883.15.16</code><table class=\"none\"><tr><td style=\"white-space:nowrap\"><b>Code</b></td><td><b>Display</b></td></tr><tr><td>NX</td><td>Nx</td></tr><tr><td>N0</td><td>N0</td></tr><tr><td>N1</td><td>N1</td></tr><tr><td>N1mi</td><td>N1(mi)</td></tr><tr><td>N1a</td><td>N1a</td></tr><tr><td>N1b</td><td>N1b</td></tr><tr><td>N1c</td><td>N1c</td></tr><tr><td>N2</td><td>N2</td></tr><tr><td>N2a</td><td>N2a</td></tr><tr><td>N2b</td><td>N2b</td></tr><tr><td>N2c</td><td>N2c</td></tr><tr><td>N3</td><td>N3</td></tr><tr><td>N3a</td><td>N3a</td></tr><tr><td>N3b</td><td>N3b</td></tr><tr><td>N3c</td><td>N3c</td></tr></table></li></ul></div>"},"url":"https://www.vision-zero-oncology.de/fhir/ValueSet/tnm-n-category-uicc","version":"0.1.0","name":"VS_TNM_N_Category_UICC","title":"ValueSet TNM N Category UICC","status":"draft","experimental":false,"date":"2023-11-02T12:02:41+00:00","publisher":"Berlin Institute of Health at Charité (BIH)","contact":[{"name":"Berlin Institute of Health at Charité (BIH)","telecom":[{"system":"url","value":"https://www.bihealth.org/"}]}],"description":"This ValueSet contains the TNM N category codes from TNM 8th edition UICC.","jurisdiction":[{"coding":[{"system":"urn:iso:std:iso:3166","code":"DEU"}]}],"copyright":"CC-BY-SA-4.0","compose":{"include":[{"system":"urn:oid:2.16.840.1.113883.15.16","concept":[{"code":"NX","display":"Nx"},{"code":"N0","display":"N0"},{"code":"N1","display":"N1"},{"code":"N1mi","display":"N1(mi)"},{"code":"N1a","display":"N1a"},{"code":"N1b","display":"N1b"},{"code":"N1c","display":"N1c"},{"code":"N2","display":"N2"},{"code":"N2a","display":"N2a"},{"code":"N2b","display":"N2b"},{"code":"N2c","display":"N2c"},{"code":"N3","display":"N3"},{"code":"N3a","display":"N3a"},{"code":"N3b","display":"N3b"},{"code":"N3c","display":"N3c"}]}]}}