{"resourceType":"ValueSet","id":"vs-tnm-r-classification-uicc","text":{"status":"generated","div":"<div xmlns=\"http://www.w3.org/1999/xhtml\"><ul><li>Include these codes as defined in <code>urn:oid:2.16.840.1.113883.15.16</code><table class=\"none\"><tr><td style=\"white-space:nowrap\"><b>Code</b></td><td><b>Display</b></td></tr><tr><td>RX</td><td>RX</td></tr><tr><td>R0</td><td>R0</td></tr><tr><td>R1</td><td>R1</td></tr><tr><td>R2</td><td>R2</td></tr></table></li></ul></div>"},"url":"https://www.vision-zero-oncology.de/fhir/ValueSet/tnm-r-classification-uicc","version":"0.1.0","name":"VS_TNM_R_Classification_UICC","title":"ValueSet TNM Residual Tumor (R) Classification UICC","status":"draft","date":"2023-03-22T15:27:03+00:00","publisher":"Berlin Institute of Health at Charité (BIH)","contact":[{"name":"Berlin Institute of Health at Charité (BIH)","telecom":[{"system":"url","value":"https://www.bihealth.org/"}]}],"description":"This ValueSet contains the TNM residual tumor (R) classification codes from TNM 8th edition UICC.","jurisdiction":[{"coding":[{"system":"urn:iso:std:iso:3166","code":"DEU"}]}],"copyright":"CC-BY-SA-4.0","compose":{"include":[{"system":"urn:oid:2.16.840.1.113883.15.16","concept":[{"code":"RX","display":"RX"},{"code":"R0","display":"R0"},{"code":"R1","display":"R1"},{"code":"R2","display":"R2"}]}]}}