{"resourceType":"ValueSet","id":"tnm-pn-perineural-invasion-uicc","text":{"status":"generated","div":"<div xmlns=\"http://www.w3.org/1999/xhtml\"><ul><li>Include these codes as defined in <code>urn:oid:2.16.840.1.113883.15.16</code><table class=\"none\"><tr><td style=\"white-space:nowrap\"><b>Code</b></td><td><b>Display</b></td></tr><tr><td>Pn0</td><td>Pn0</td></tr><tr><td>Pn1</td><td>Pn1</td></tr><tr><td>PnX</td><td>PnX</td></tr></table></li></ul></div>"},"url":"https://www.vision-zero-oncology.de/fhir/ValueSet/tnm-pn-perineural-invasion-uicc","version":"0.1.0","name":"VS_TNM_Pn_Perineural_Invasion_UICC","title":"ValueSet TNM Pn-Descriptor Perineural Invasion UICC","status":"draft","experimental":false,"date":"2023-11-02T12:07:02+00:00","publisher":"Berlin Institute of Health at Charité (BIH)","contact":[{"name":"Berlin Institute of Health at Charité (BIH)","telecom":[{"system":"url","value":"https://www.bihealth.org/"}]}],"description":"This ValueSet contains the TNM degree of perineural (lymphatic nerve sheet) invasion codes used with the Pn-descriptor from TNM 8th edition UICC.","jurisdiction":[{"coding":[{"system":"urn:iso:std:iso:3166","code":"DEU"}]}],"copyright":"CC-BY-SA-4.0","compose":{"include":[{"system":"urn:oid:2.16.840.1.113883.15.16","concept":[{"code":"Pn0","display":"Pn0"},{"code":"Pn1","display":"Pn1"},{"code":"PnX","display":"PnX"}]}]}}