{"resourceType":"ValueSet","id":"type-of-randomization-ncit","text":{"status":"generated","div":"<div xmlns=\"http://www.w3.org/1999/xhtml\"><p>This value set includes codes based on the following rules:</p><ul><li>Include these codes as defined in <code>http://ncicb.nci.nih.gov/xml/owl/EVS/Thesaurus.owl</code><table class=\"none\"><tr><td style=\"white-space:nowrap\"><b>Code</b></td><td><b>Display</b></td></tr><tr><td>C15417</td><td>Randomized Clinical Trial</td></tr><tr><td>C93043</td><td>Nonrandomized Clinical Trial</td></tr></table></li><li>Include codes from <code>http://ncicb.nci.nih.gov/xml/owl/EVS/Thesaurus.owl</code> where concept  descends from  C25196</li></ul></div>"},"url":"https://www.vision-zero-oncology.de/fhir/ValueSet/type-of-randomization-ncit","version":"0.1.0","name":"VS_TypeOfRandomization_NCIT","title":"ValueSet Type of Randomization NCIt","status":"active","date":"2022-08-03T15:26:13+00:00","publisher":"Berlin Institute of Health at Charité (BIH)","contact":[{"name":"Berlin Institute of Health at Charité (BIH)","telecom":[{"system":"url","value":"https://www.bihealth.org/"}]}],"description":"Type of Randomization aus NCI Thesaurus (NCIt)","jurisdiction":[{"coding":[{"system":"urn:iso:std:iso:3166","code":"DEU"}]}],"copyright":"NCI THESAURUS is a registered trademark of the National Cancer Institute.","compose":{"include":[{"system":"http://ncicb.nci.nih.gov/xml/owl/EVS/Thesaurus.owl","concept":[{"code":"C15417","display":"Randomized Clinical Trial"},{"code":"C93043","display":"Nonrandomized Clinical Trial"}]},{"system":"http://ncicb.nci.nih.gov/xml/owl/EVS/Thesaurus.owl","filter":[{"property":"concept","op":"descendent-of","value":"C25196"}]}]}}