{"resourceType":"ValueSet","id":"tumor-measurement-methods","text":{"status":"generated","div":"<div xmlns=\"http://www.w3.org/1999/xhtml\"><ul><li>Include these codes as defined in <a href=\"http://www.snomed.org/\"><code>http://snomed.info/sct</code></a><table class=\"none\"><tr><td style=\"white-space:nowrap\"><b>Code</b></td><td><b>Display</b></td></tr><tr><td><a href=\"http://snomed.info/id/787377000\">787377000</a></td><td>Gross examination and sampling of tissue specimen (procedure)</td></tr><tr><td><a href=\"http://snomed.info/id/104157003\">104157003</a></td><td>Light microscopy (procedure)</td></tr><tr><td><a href=\"http://snomed.info/id/5880005\">5880005</a></td><td>Physical examination procedure (procedure)</td></tr><tr><td><a href=\"http://snomed.info/id/16310003\">16310003</a></td><td>Diagnostic ultrasonography (procedure)</td></tr><tr><td><a href=\"http://snomed.info/id/113091000\">113091000</a></td><td>Magnetic resonance imaging (procedure)</td></tr><tr><td><a href=\"http://snomed.info/id/77477000\">77477000</a></td><td>Computerized axial tomography (procedure)</td></tr><tr><td><a href=\"http://snomed.info/id/82918005\">82918005</a></td><td>Positron emission tomography (procedure)</td></tr><tr><td><a href=\"http://snomed.info/id/363680008\">363680008</a></td><td>Radiographic imaging procedure (procedure)</td></tr><tr><td><a href=\"http://snomed.info/id/363679005\">363679005</a></td><td>Imaging (procedure)</td></tr></table></li></ul></div>"},"url":"https://www.vision-zero-oncology.de/fhir/ValueSet/tumor-measurement-methods","version":"0.1.0","name":"VS_Tumor_Measurement_Methods","title":"ValueSet Tumor Measurement Methods","status":"draft","date":"2023-07-06T08:26:38+00:00","publisher":"Berlin Institute of Health at Charité (BIH)","contact":[{"name":"Berlin Institute of Health at Charité (BIH)","telecom":[{"system":"url","value":"https://www.bihealth.org/"}]}],"description":"Codes for methods of measuring tumor size, including physical examination, pathology, and imaging.","jurisdiction":[{"coding":[{"system":"urn:iso:std:iso:3166","code":"DEU"}]}],"copyright":"CC-BY-SA-4.0","compose":{"include":[{"system":"http://snomed.info/sct","concept":[{"code":"787377000","display":"Gross examination and sampling of tissue specimen (procedure)"},{"code":"104157003","display":"Light microscopy (procedure)"},{"code":"5880005","display":"Physical examination procedure (procedure)"},{"code":"16310003","display":"Diagnostic ultrasonography (procedure)"},{"code":"113091000","display":"Magnetic resonance imaging (procedure)"},{"code":"77477000","display":"Computerized axial tomography (procedure)"},{"code":"82918005","display":"Positron emission tomography (procedure)"},{"code":"363680008","display":"Radiographic imaging procedure (procedure)"},{"code":"363679005","display":"Imaging (procedure)"}]}]}}