{"resourceType":"ValueSet","id":"vs-tnm-prefix-cpu-uicc","text":{"status":"generated","div":"<div xmlns=\"http://www.w3.org/1999/xhtml\"><ul><li>Include these codes as defined in <code>urn:oid:2.16.840.1.113883.15.16</code><table class=\"none\"><tr><td style=\"white-space:nowrap\"><b>Code</b></td><td><b>Display</b></td></tr><tr><td>c</td><td>c</td></tr><tr><td>p</td><td>p</td></tr><tr><td>u</td><td>u</td></tr></table></li></ul></div>"},"url":"https://www.vision-zero-oncology.de/fhir/ValueSet/tnm-prefix-cpu-uicc","version":"0.1.0","name":"VS_TNM_Prefix_CPU_UICC","title":"ValueSet TNM Prefix CPU UICC","status":"active","date":"2022-08-10T11:55:04+00:00","publisher":"Berlin Institute of Health at Charité (BIH)","contact":[{"name":"Berlin Institute of Health at Charité (BIH)","telecom":[{"system":"url","value":"https://www.bihealth.org/"}]}],"description":"This ValueSet contains the c, p and u prefixes for TNM stages from TNM 8th edition UICC.","jurisdiction":[{"coding":[{"system":"urn:iso:std:iso:3166","code":"DEU"}]}],"copyright":"CC-BY-SA-4.0","compose":{"include":[{"system":"urn:oid:2.16.840.1.113883.15.16","concept":[{"code":"c","display":"c"},{"code":"p","display":"p"},{"code":"u","display":"u"}]}]}}