{
  "resourceType" : "BodyStructure",
  "id" : "example-body-structure",
  "text" : {
    "status" : "extensions",
    "div" : "<div xmlns=\"http://www.w3.org/1999/xhtml\"><p><b>Generated Narrative: BodyStructure</b><a name=\"example-body-structure\"> </a></p><div style=\"display: inline-block; background-color: #d9e0e7; padding: 6px; margin: 4px; border: 1px solid #8da1b4; border-radius: 5px; line-height: 60%\"><p style=\"margin-bottom: 0px\">Resource BodyStructure &quot;example-body-structure&quot; </p></div><p><b>Diagnosis</b>: <a href=\"https://simplifier.net/resolve?scope=de.basisprofil.r4@1.4.0&amp;canonical=http://fhir.org/packages/de.basisprofil.r4/ExampleCondition\">ExampleCondition</a></p><p><b>identifier</b>: BodyStructure: Tumor 1234\u00a0(use:\u00a0USUAL)</p><p><b>patient</b>: <a href=\"Patient-ExamplePatient.html\">Patient/ExamplePatient</a> &quot; BACH&quot;</p></div>"
  },
  "extension" : [{
    "url" : "https://www.vision-zero-oncology.de/fhir/StructureDefinition/diagnosis",
    "valueReference" : {
      "reference" : "ExampleCondition"
    }
  }],
  "identifier" : [{
    "use" : "usual",
    "type" : {
      "coding" : [{
        "system" : "http://hl7.org/fhir/resource-types",
        "code" : "BodyStructure"
      }]
    },
    "system" : "http://radiology.hospital.example.org",
    "value" : "Tumor 1234"
  }],
  "patient" : {
    "reference" : "Patient/ExamplePatient"
  }
}