{
  "resourceType": "Condition",
  "id": "mamma-ca-rechts",
  "meta": {
    "profile": [
      "https://www.vision-zero-oncology.de/fhir/StructureDefinition/tumor-disorder"
    ]
  },
  "text": {
    "status": "generated",
    "div": "<div xmlns=\"http://www.w3.org/1999/xhtml\"><p><b>Generated Narrative</b></p><p><b>clinicalStatus</b>: <span title=\"Codes: {http://terminology.hl7.org/CodeSystem/condition-clinical active}\">Active</span></p><p><b>verificationStatus</b>: <span title=\"Codes: {http://terminology.hl7.org/CodeSystem/condition-ver-status confirmed}\">Confirmed</span></p><p><b>code</b>: <span title=\"Codes: {http://fhir.de/CodeSystem/bfarm/icd-10-gm C50.2}, {http://terminology.hl7.org/CodeSystem/icd-o-3 8500/3}\">Bösartige Neubildung der Brustdrüse [Mamma] Oberer innerer Quadrant der Brustdrüse</span></p><p><b>bodySite</b>: <span title=\"Codes: {http://terminology.hl7.org/CodeSystem/icd-o-3 C50.2}\">Oberer innerer Quadrant der Brust</span></p><p><b>subject</b>: <a href=\"https://simplifier.net/resolve?scope=de.basisprofil.r4@1.4.0&amp;canonical=http://fhir.org/packages/de.basisprofil.r4/Patient/example\">Patient/example</a></p><p><b>onset</b>: 2019-09-17</p><p><b>recordedDate</b>: 2019-09-19</p><p><b>recorder</b>: <a href=\"https://simplifier.net/resolve?scope=de.basisprofil.r4@1.4.0&amp;canonical=http://fhir.org/packages/de.basisprofil.r4/Practitioner/dokumentar\">Practitioner/dokumentar</a></p><p><b>asserter</b>: <a href=\"https://simplifier.net/resolve?scope=de.basisprofil.r4@1.4.0&amp;canonical=http://fhir.org/packages/de.basisprofil.r4/Practitioner/kliniker\">Practitioner/kliniker</a></p><blockquote><p><b>stage</b></p><p><b>assessment</b>: <a href=\"https://simplifier.net/resolve?scope=de.basisprofil.r4@1.4.0&amp;canonical=http://fhir.org/packages/de.basisprofil.r4/Observation/tnm-cT2cN2cM1IV\">Observation/tnm-cT2cN2cM1IV</a></p><p><b>type</b>: <span title=\"Codes: {http://snomed.info/sct 254293002}\">Tumor-node-metastasis (TNM) tumor staging system (tumor staging)</span></p></blockquote><blockquote><p><b>stage</b></p><p><b>assessment</b>: <a href=\"https://simplifier.net/resolve?scope=de.basisprofil.r4@1.4.0&amp;canonical=http://fhir.org/packages/de.basisprofil.r4/Observation/G3\">Observation/G3</a></p><p><b>type</b>: <span title=\"Codes: {http://snomed.info/sct 258244004}\">Tumor histopathological grade status values (tumor staging)</span></p></blockquote><h3>Evidences</h3><table class=\"grid\"><tr><td>-</td><td><b>Detail</b></td></tr><tr><td>*</td><td><a href=\"https://simplifier.net/resolve?scope=de.basisprofil.r4@1.4.0&amp;canonical=http://fhir.org/packages/de.basisprofil.r4/DiagnosticReport/pathologie\">DiagnosticReport/pathologie</a></td></tr></table></div>"
  },
  "clinicalStatus": {
    "coding": [
      {
        "system": "http://terminology.hl7.org/CodeSystem/condition-clinical",
        "code": "active"
      }
    ]
  },
  "verificationStatus": {
    "coding": [
      {
        "system": "http://terminology.hl7.org/CodeSystem/condition-ver-status",
        "code": "confirmed"
      }
    ]
  },
  "code": {
    "coding": [
      {
        "extension": [
          {
            "url": "http://fhir.de/StructureDefinition/seitenlokalisation",
            "valueCoding": {
              "system": "https://fhir.kbv.de/CodeSystem/KBV_CS_SFHIR_ICD_SEITENLOKALISATION",
              "code": "R",
              "display": "Rechts"
            }
          }
        ],
        "system": "http://fhir.de/CodeSystem/bfarm/icd-10-gm",
        "version": "2019",
        "code": "C50.2",
        "display": "Bösartige Neubildung der Brustdrüse [Mamma] Oberer innerer Quadrant der Brustdrüse"
      },
      {
        "extension": [
          {
            "url": "https://www.vision-zero-oncology.de/fhir/StructureDefinition/diagnosesicherung-icd-o",
            "valueCodeableConcept": {
              "coding": [
                {
                  "system": "https://www.vision-zero-oncology.de/fhir/CodeSystem/cs-diagnosesicherung-icdo3",
                  "code": "7",
                  "display": "Histologische Untersuchung eines Primärtumors"
                }
              ]
            }
          }
        ],
        "system": "http://terminology.hl7.org/CodeSystem/icd-o-3",
        "version": "2019",
        "code": "8500/3",
        "display": "Invasives duktales Karzinom o.n.A."
      }
    ]
  },
  "bodySite": [
    {
      "coding": [
        {
          "system": "http://terminology.hl7.org/CodeSystem/icd-o-3",
          "version": "2019",
          "code": "C50.2",
          "display": "Oberer innerer Quadrant der Brust"
        }
      ]
    }
  ],
  "subject": {
    "reference": "Patient/example"
  },
  "onsetDateTime": "2019-09-17",
  "recordedDate": "2019-09-19",
  "recorder": {
    "reference": "Practitioner/dokumentar"
  },
  "asserter": {
    "reference": "Practitioner/kliniker"
  },
  "stage": [
    {
      "assessment": [
        {
          "reference": "Observation/tnm-cT2cN2cM1IV"
        }
      ],
      "type": {
        "coding": [
          {
            "system": "http://snomed.info/sct",
            "code": "254293002",
            "display": "Tumor-node-metastasis (TNM) tumor staging system (tumor staging)"
          }
        ]
      }
    },
    {
      "assessment": [
        {
          "reference": "Observation/G3"
        }
      ],
      "type": {
        "coding": [
          {
            "system": "http://snomed.info/sct",
            "code": "258244004",
            "display": "Tumor histopathological grade status values (tumor staging)"
          }
        ]
      }
    }
  ],
  "evidence": [
    {
      "detail": [
        {
          "reference": "DiagnosticReport/pathologie"
        }
      ]
    }
  ]
}