{
  "resourceType" : "Observation",
  "id" : "example-recist-category-observation",
  "meta" : {
    "profile" : ["https://www.vision-zero-oncology.de/fhir/ValueSet/vs-recist-category-observation"]
  },
  "text" : {
    "status" : "generated",
    "div" : "<div xmlns=\"http://www.w3.org/1999/xhtml\"><p><b>Generated Narrative: Observation</b><a name=\"example-recist-category-observation\"> </a></p><div style=\"display: inline-block; background-color: #d9e0e7; padding: 6px; margin: 4px; border: 1px solid #8da1b4; border-radius: 5px; line-height: 60%\"><p style=\"margin-bottom: 0px\">Resource Observation &quot;example-recist-category-observation&quot; </p><p style=\"margin-bottom: 0px\">Profile: <a href=\"StructureDefinition-recist-category-observation.html\">RECIST Tumor Category Observation</a></p></div><p><b>partOf</b>: <a href=\"https://simplifier.net/resolve?scope=de.basisprofil.r4@1.4.0&amp;canonical=http://fhir.org/packages/de.basisprofil.r4/Procedure/exampleRECISTProcedure\">Procedure/exampleRECISTProcedure</a></p><p><b>status</b>: final</p><p><b>code</b>: In partial remission <span style=\"background: LightGoldenRodYellow; margin: 4px; border: 1px solid khaki\"> (<a href=\"https://browser.ihtsdotools.org/\">SNOMED CT</a>#103337004)</span></p><p><b>subject</b>: <a href=\"https://simplifier.net/resolve?scope=de.basisprofil.r4@1.4.0&amp;canonical=http://fhir.org/packages/de.basisprofil.r4/Patient/examplePatient\">Patient/examplePatient</a></p><p><b>focus</b>: <a href=\"https://simplifier.net/resolve?scope=de.basisprofil.r4@1.4.0&amp;canonical=http://fhir.org/packages/de.basisprofil.r4/BodyStructure/exampleBodyStructure\">BodyStructure/exampleBodyStructure</a></p><p><b>value</b>: In partial remission <span style=\"background: LightGoldenRodYellow; margin: 4px; border: 1px solid khaki\"> (<a href=\"https://browser.ihtsdotools.org/\">SNOMED CT</a>#103337004)</span></p></div>"
  },
  "partOf" : [{
    "reference" : "Procedure/exampleRECISTProcedure"
  }],
  "status" : "final",
  "code" : {
    "coding" : [{
      "system" : "http://snomed.info/sct",
      "code" : "103337004",
      "display" : "In partial remission"
    }]
  },
  "subject" : {
    "reference" : "Patient/examplePatient"
  },
  "focus" : [{
    "reference" : "BodyStructure/exampleBodyStructure"
  }],
  "valueCodeableConcept" : {
    "coding" : [{
      "system" : "http://snomed.info/sct",
      "code" : "103337004",
      "display" : "In partial remission"
    }]
  }
}