{
  "resourceType": "Observation",
  "id": "example-histologic-grade",
  "meta": {
    "profile": [
      "https://www.vision-zero-oncology.de/fhir/StructureDefinition/histologic-grade"
    ]
  },
  "text": {
    "status": "generated",
    "div": "<div xmlns=\"http://www.w3.org/1999/xhtml\"><p><b>Generated Narrative</b></p><p></p><p><b>category</b>: <span title=\"Codes: {http://terminology.hl7.org/CodeSystem/observation-category laboratory}\">Laboratory</span></p><p><b>code</b>: <span title=\"Codes: {http://loinc.org 33732-9}, {http://snomed.info/sct 371469007}\">Histology grade [Identifier] in Cancer specimen</span></p><p><b>subject</b>: <a href=\"Patient-ExamplePatient.html\">Generated Summary: active: true; Sebastian Bach (OFFICIAL); gender: male; birthDate: 1985-03-31</a></p><p><b>effective</b>: 2022-03-07</p><p><b>value</b>: <span title=\"Codes: {http://snomed.info/sct 54102005}\">G1 grade (finding)</span></p></div>"
  },
  "status": "final",
  "category": [
    {
      "coding": [
        {
          "system": "http://terminology.hl7.org/CodeSystem/observation-category",
          "code": "laboratory"
        }
      ]
    }
  ],
  "code": {
    "coding": [
      {
        "system": "http://loinc.org",
        "code": "33732-9",
        "display": "Histology grade [Identifier] in Cancer specimen"
      },
      {
        "system": "http://snomed.info/sct",
        "code": "371469007",
        "display": "Histologic grade of neoplasm (observable entity)"
      }
    ]
  },
  "subject": {
    "reference": "Patient/ExamplePatient"
  },
  "effectiveDateTime": "2022-03-07",
  "valueCodeableConcept": {
    "coding": [
      {
        "system": "http://snomed.info/sct",
        "code": "54102005",
        "display": "G1 grade (finding)"
      }
    ]
  }
}