{
  "resourceType" : "Observation",
  "id" : "example-histologic-grade",
  "meta" : {
    "profile" : ["https://www.vision-zero-oncology.de/fhir/StructureDefinition/histopathological-grading-who"]
  },
  "text" : {
    "status" : "generated",
    "div" : "<div xmlns=\"http://www.w3.org/1999/xhtml\"><p><b>Generated Narrative: Observation</b><a name=\"example-histologic-grade\"> </a></p><div style=\"display: inline-block; background-color: #d9e0e7; padding: 6px; margin: 4px; border: 1px solid #8da1b4; border-radius: 5px; line-height: 60%\"><p style=\"margin-bottom: 0px\">Resource Observation &quot;example-histologic-grade&quot; </p><p style=\"margin-bottom: 0px\">Profile: <a href=\"StructureDefinition-histopathological-grading-who.html\">Profile Histopathological Tumor Grading WHO</a></p></div><p><b>status</b>: final</p><p><b>category</b>: Laboratory <span style=\"background: LightGoldenRodYellow; margin: 4px; border: 1px solid khaki\"> (<a href=\"http://terminology.hl7.org/5.3.0/CodeSystem-observation-category.html\">Observation Category Codes</a>#laboratory)</span></p><p><b>code</b>: Histology grade [Identifier] in Cancer specimen <span style=\"background: LightGoldenRodYellow; margin: 4px; border: 1px solid khaki\"> (<a href=\"https://loinc.org/\">LOINC</a>#33732-9; <a href=\"https://browser.ihtsdotools.org/\">SNOMED CT</a>#371469007 &quot;Histologic grade of neoplasm (observable entity)&quot;)</span></p><p><b>subject</b>: <a href=\"Patient-ExamplePatient.html\">Patient/ExamplePatient</a> &quot; BACH&quot;</p><p><b>effective</b>: 2022-03-07</p><p><b>value</b>: G1 grade (finding) <span style=\"background: LightGoldenRodYellow; margin: 4px; border: 1px solid khaki\"> (<a href=\"https://browser.ihtsdotools.org/\">SNOMED CT</a>#54102005)</span></p></div>"
  },
  "status" : "final",
  "category" : [{
    "coding" : [{
      "system" : "http://terminology.hl7.org/CodeSystem/observation-category",
      "code" : "laboratory"
    }]
  }],
  "code" : {
    "coding" : [{
      "system" : "http://loinc.org",
      "code" : "33732-9",
      "display" : "Histology grade [Identifier] in Cancer specimen"
    },
    {
      "system" : "http://snomed.info/sct",
      "code" : "371469007",
      "display" : "Histologic grade of neoplasm (observable entity)"
    }]
  },
  "subject" : {
    "reference" : "Patient/ExamplePatient"
  },
  "effectiveDateTime" : "2022-03-07",
  "valueCodeableConcept" : {
    "coding" : [{
      "system" : "http://snomed.info/sct",
      "code" : "54102005",
      "display" : "G1 grade (finding)"
    }]
  }
}