{
  "resourceType": "Observation",
  "id": "example-body-height",
  "meta": {
    "profile": [
      "https://www.vision-zero-oncology.de/fhir/StructureDefinition/body-height"
    ]
  },
  "text": {
    "status": "generated",
    "div": "<div xmlns=\"http://www.w3.org/1999/xhtml\"><p><b>Generated Narrative</b></p><p></p><p><b>category</b>: <span title=\"Codes: {http://terminology.hl7.org/CodeSystem/observation-category vital-signs}\">Vital Signs</span></p><p><b>code</b>: <span title=\"Codes: {http://loinc.org 8302-2}, {http://snomed.info/sct 1153637007}\">Body height</span></p><p><b>subject</b>: <a href=\"Patient-ExamplePatient.html\">Generated Summary: active: true; Sebastian Bach (OFFICIAL); gender: male; birthDate: 1685-03-31</a></p><p><b>effective</b>: 2022-02-18</p><p><b>value</b>: 167 centimeter</p></div>"
  },
  "status": "final",
  "category": [
    {
      "coding": [
        {
          "system": "http://terminology.hl7.org/CodeSystem/observation-category",
          "code": "vital-signs"
        }
      ]
    }
  ],
  "code": {
    "coding": [
      {
        "system": "http://loinc.org",
        "code": "8302-2",
        "display": "Body height"
      },
      {
        "system": "http://snomed.info/sct",
        "code": "1153637007",
        "display": "Body height (observable entity)"
      }
    ],
    "text": "Body height"
  },
  "subject": {
    "reference": "Patient/ExamplePatient"
  },
  "effectiveDateTime": "2022-02-18",
  "valueQuantity": {
    "value": 167,
    "unit": "centimeter",
    "system": "http://unitsofmeasure.org",
    "code": "cm"
  }
}