{
  "resourceType": "Observation",
  "id": "example-ecog-performance-status",
  "meta": {
    "profile": [
      "https://www.vision-zero-oncology.de/fhir/StructureDefinition/ecog-performance-status"
    ]
  },
  "text": {
    "status": "generated",
    "div": "<div xmlns=\"http://www.w3.org/1999/xhtml\"><p><b>Generated Narrative: Observation</b><a name=\"example-ecog-performance-status\"> </a></p><div style=\"display: inline-block; background-color: #d9e0e7; padding: 6px; margin: 4px; border: 1px solid #8da1b4; border-radius: 5px; line-height: 60%\"><p style=\"margin-bottom: 0px\">Resource Observation &quot;example-ecog-performance-status&quot; </p><p style=\"margin-bottom: 0px\">Profile: <a href=\"StructureDefinition-ecog-performance-status.html\">Profile ECOG Performance Status</a></p></div><p><b>status</b>: final</p><p><b>category</b>: Survey <span style=\"background: LightGoldenRodYellow; margin: 4px; border: 1px solid khaki\"> (<a href=\"http://terminology.hl7.org/4.0.0/CodeSystem-observation-category.html\">Observation Category Codes</a>#survey)</span></p><p><b>code</b>: ECOG Performance Status score <span style=\"background: LightGoldenRodYellow; margin: 4px; border: 1px solid khaki\"> (<a href=\"https://loinc.org/\">LOINC</a>#89247-1; <a href=\"https://browser.ihtsdotools.org/\">SNOMED CT</a>#423740007 &quot;Eastern Cooperative Oncology Group performance status (observable entity)&quot;)</span></p><p><b>subject</b>: <a href=\"Patient-ExamplePatient.html\">Patient/ExamplePatient</a> &quot; BACH&quot;</p><p><b>effective</b>: 2022-03-07</p><p><b>value</b>: Restricted in physically strenuous activity but ambulatory and able to carry out work of a light or sedentary nature, e.g., light house work, office work <span style=\"background: LightGoldenRodYellow; margin: 4px; border: 1px solid khaki\"> (<a href=\"https://loinc.org/\">LOINC</a>#LA9623-5; <a href=\"https://browser.ihtsdotools.org/\">SNOMED CT</a>#422512005 &quot;Eastern Cooperative Oncology Group performance status - grade 1 (finding)&quot;)</span></p></div>"
  },
  "status": "final",
  "category": [
    {
      "coding": [
        {
          "system": "http://terminology.hl7.org/CodeSystem/observation-category",
          "code": "survey"
        }
      ]
    }
  ],
  "code": {
    "coding": [
      {
        "system": "http://loinc.org",
        "code": "89247-1",
        "display": "ECOG Performance Status score"
      },
      {
        "system": "http://snomed.info/sct",
        "code": "423740007",
        "display": "Eastern Cooperative Oncology Group performance status (observable entity)"
      }
    ]
  },
  "subject": {
    "reference": "Patient/ExamplePatient"
  },
  "effectiveDateTime": "2022-03-07",
  "valueCodeableConcept": {
    "coding": [
      {
        "system": "http://loinc.org",
        "code": "LA9623-5",
        "display": "Restricted in physically strenuous activity but ambulatory and able to carry out work of a light or sedentary nature, e.g., light house work, office work"
      },
      {
        "system": "http://snomed.info/sct",
        "code": "422512005",
        "display": "Eastern Cooperative Oncology Group performance status - grade 1 (finding)"
      }
    ]
  }
}