{
  "resourceType": "Observation",
  "id": "KarnofskyIndexExample",
  "meta": {
    "profile": [
      "https://www.vision-zero-oncology.de/fhir/StructureDefinition/KarnofskyIndex"
    ]
  },
  "text": {
    "status": "generated",
    "div": "<div xmlns=\"http://www.w3.org/1999/xhtml\"><p><b>Generated Narrative</b></p><p></p><p><b>category</b>: <span title=\"Codes: {http://terminology.hl7.org/CodeSystem/observation-category survey}\">Survey</span></p><p><b>code</b>: <span title=\"Codes: {http://loinc.org 89243-0}\">Karnofsky Performance Status score</span></p><p><b>subject</b>: <a href=\"Patient-Beispielpatient.html\">Generated Summary: active: true; Peter Mustermann (OFFICIAL); gender: male; birthDate: 1974-12-25</a></p><p><b>effective</b>: 2021-01-17</p><p><b>value</b>: <span title=\"Codes: {http://loinc.org LA29177-5}\">Normal activity with effort; some signs or symptoms of disease</span></p></div>"
  },
  "status": "final",
  "category": [
    {
      "coding": [
        {
          "system": "http://terminology.hl7.org/CodeSystem/observation-category",
          "code": "survey"
        }
      ]
    }
  ],
  "code": {
    "coding": [
      {
        "system": "http://loinc.org",
        "code": "89243-0",
        "display": "Karnofsky Performance Status score"
      }
    ]
  },
  "subject": {
    "reference": "Patient/Beispielpatient"
  },
  "effectiveDateTime": "2021-01-17",
  "valueCodeableConcept": {
    "coding": [
      {
        "system": "http://loinc.org",
        "code": "LA29177-5",
        "display": "Normal activity with effort; some signs or symptoms of disease"
      }
    ]
  }
}