{
  "resourceType" : "Observation",
  "id" : "example-vital-signs-base",
  "meta" : {
    "profile" : ["https://www.vision-zero-oncology.de/fhir/StructureDefinition/vital-signs-base"]
  },
  "text" : {
    "status" : "generated",
    "div" : "<div xmlns=\"http://www.w3.org/1999/xhtml\"><p><b>Generated Narrative: Observation</b><a name=\"example-vital-signs-base\"> </a></p><div style=\"display: inline-block; background-color: #d9e0e7; padding: 6px; margin: 4px; border: 1px solid #8da1b4; border-radius: 5px; line-height: 60%\"><p style=\"margin-bottom: 0px\">Resource Observation &quot;example-vital-signs-base&quot; </p><p style=\"margin-bottom: 0px\">Profile: <a href=\"StructureDefinition-vital-signs-base.html\">Profile Vital Signs Base</a></p></div><p><b>status</b>: final</p><p><b>category</b>: Vital Signs <span style=\"background: LightGoldenRodYellow; margin: 4px; border: 1px solid khaki\"> (<a href=\"http://terminology.hl7.org/5.3.0/CodeSystem-observation-category.html\">Observation Category Codes</a>#vital-signs)</span></p><p><b>code</b>: Body height <span style=\"background: LightGoldenRodYellow; margin: 4px; border: 1px solid khaki\"> (<a href=\"https://loinc.org/\">LOINC</a>#8302-2; <a href=\"https://browser.ihtsdotools.org/\">SNOMED CT</a>#1153637007 &quot;Body height (observable entity)&quot;)</span></p><p><b>subject</b>: <a href=\"Patient-ExamplePatient.html\">Patient/ExamplePatient</a> &quot; BACH&quot;</p><p><b>effective</b>: 2022-02-18</p><p><b>value</b>: 167 centimeter<span style=\"background: LightGoldenRodYellow\"> (Details: UCUM code cm = 'cm')</span></p></div>"
  },
  "status" : "final",
  "category" : [{
    "coding" : [{
      "system" : "http://terminology.hl7.org/CodeSystem/observation-category",
      "code" : "vital-signs"
    }]
  }],
  "code" : {
    "coding" : [{
      "system" : "http://loinc.org",
      "code" : "8302-2",
      "display" : "Body height"
    },
    {
      "system" : "http://snomed.info/sct",
      "code" : "1153637007",
      "display" : "Body height (observable entity)"
    }],
    "text" : "Body height"
  },
  "subject" : {
    "reference" : "Patient/ExamplePatient"
  },
  "effectiveDateTime" : "2022-02-18",
  "valueQuantity" : {
    "value" : 167,
    "unit" : "centimeter",
    "system" : "http://unitsofmeasure.org",
    "code" : "cm"
  }
}