{
  "resourceType": "Patient",
  "id": "Beispielpatient",
  "text": {
    "status": "generated",
    "div": "<div xmlns=\"http://www.w3.org/1999/xhtml\"><p><b>Generated Narrative</b></p><p><b>active</b>: true</p><p><b>name</b>: Sebastian Bach (OFFICIAL)</p><p><b>gender</b>: male</p><p><b>birthDate</b>: 1685-03-31</p></div>"
  },
  "active": true,
  "name": [
    {
      "use": "official",
      "family": "Bach",
      "given": [
        "Sebastian"
      ]
    }
  ],
  "gender": "male",
  "birthDate": "1685-03-31"
}