{
  "resourceType": "ResearchStudy",
  "id": "ExampleStudyNapkonCovidom",
  "meta": {
    "profile": [
      "https://www.vision-zero-oncology.de/fhir/StructureDefinition/clinical-study"
    ]
  },
  "text": {
    "status": "generated",
    "div": "<div xmlns=\"http://www.w3.org/1999/xhtml\"><p><b>Generated Narrative</b></p><p><b>identifier</b>: id: NCT04679584, id: DRKS00023742</p><p><b>title</b>: COVIDOM: Longterm Morbidity of SARS-CoV-2 Infection and COVID-19 Disease - Consequences for Health Status and Quality of Life (NAPKON-POP)</p><p><b>status</b>: active</p><p><b>phase</b>: <span title=\"Codes: {http://terminology.hl7.org/CodeSystem/research-study-phase n-a}\">N/A</span></p><p><b>category</b>: <span title=\"Codes: {http://ncicb.nci.nih.gov/xml/owl/EVS/Thesaurus.owl C16084}\">Observational Study</span>, <span title=\"Codes: {http://ncicb.nci.nih.gov/xml/owl/EVS/Thesaurus.owl C15208}\">Cohort Study</span></p><p><b>condition</b>: <span title=\"Codes: {http://snomed.info/sct 840539006}\">Disease caused by severe acute respiratory syndrome coronavirus 2 (disorder)</span></p><p><b>contact</b>: Stefan Schreiber, Prof. Dr.: <a href=\"mailto:s.schreiber@mucosa.de\">s.schreiber@mucosa.de</a>,ph: 0049 (0)431 500 22201, <a href=\"mailto:thomas.bahmer@uksh.de\">thomas.bahmer@uksh.de</a>,ph: 0049 (0) 431 500 62629</p><p><b>location</b>: <span title=\"Codes: {urn:iso:std:iso:3166 DE}\">Germany</span></p><p><b>period</b>: 2020-11-16 --&gt; 2021-12-31</p><p><b>sponsor</b>: <a href=\"https://simplifier.net/resolve?scope=de.basisprofil.r4@1.4.0&amp;canonical=http://fhir.org/packages/de.basisprofil.r4/Organization/UKSH\">Organization/UKSH</a></p><p><b>principalInvestigator</b>: <a href=\"https://simplifier.net/resolve?scope=de.basisprofil.r4@1.4.0&amp;canonical=http://fhir.org/packages/de.basisprofil.r4/Practitioner/example\">Practitioner/example</a></p><blockquote><p><b>objective</b></p><p><b>name</b>: Longterm morbidities and sequels of SARS-CoV-2 infections in the general population</p><p><b>type</b>: <span title=\"Codes: {http://terminology.hl7.org/CodeSystem/research-study-objective-type primary}\">Primary</span></p></blockquote><blockquote><p><b>objective</b></p><p><b>name</b>: Longterm quality of life of SARS-CoV-2 infected individuals recruited from the general population</p><p><b>type</b>: <span title=\"Codes: {http://terminology.hl7.org/CodeSystem/research-study-objective-type secondary}\">Secondary</span></p></blockquote></div>"
  },
  "identifier": [
    {
      "system": "http://clinicaltrials.gov",
      "value": "NCT04679584"
    },
    {
      "system": "https://www.drks.de",
      "value": "DRKS00023742"
    }
  ],
  "title": "COVIDOM: Longterm Morbidity of SARS-CoV-2 Infection and COVID-19 Disease - Consequences for Health Status and Quality of Life (NAPKON-POP)",
  "status": "active",
  "phase": {
    "coding": [
      {
        "system": "http://terminology.hl7.org/CodeSystem/research-study-phase",
        "code": "n-a"
      }
    ]
  },
  "category": [
    {
      "coding": [
        {
          "system": "http://ncicb.nci.nih.gov/xml/owl/EVS/Thesaurus.owl",
          "code": "C16084",
          "display": "Observational Study"
        }
      ]
    },
    {
      "coding": [
        {
          "system": "http://ncicb.nci.nih.gov/xml/owl/EVS/Thesaurus.owl",
          "code": "C15208",
          "display": "Cohort Study"
        }
      ]
    }
  ],
  "condition": [
    {
      "coding": [
        {
          "system": "http://snomed.info/sct",
          "code": "840539006",
          "display": "Disease caused by severe acute respiratory syndrome coronavirus 2 (disorder)"
        }
      ]
    }
  ],
  "contact": [
    {
      "name": "Stefan Schreiber, Prof. Dr.",
      "telecom": [
        {
          "system": "email",
          "value": "s.schreiber@mucosa.de"
        },
        {
          "system": "phone",
          "value": "0049 (0)431 500 22201"
        }
      ]
    },
    {
      "telecom": [
        {
          "system": "email",
          "value": "thomas.bahmer@uksh.de"
        },
        {
          "system": "phone",
          "value": "0049 (0) 431 500 62629"
        }
      ]
    }
  ],
  "location": [
    {
      "coding": [
        {
          "system": "urn:iso:std:iso:3166",
          "code": "DE",
          "display": "Germany"
        }
      ]
    }
  ],
  "period": {
    "start": "2020-11-16",
    "end": "2021-12-31"
  },
  "sponsor": {
    "reference": "Organization/UKSH"
  },
  "principalInvestigator": {
    "reference": "Practitioner/example"
  },
  "objective": [
    {
      "name": "Longterm morbidities and sequels of SARS-CoV-2 infections in the general population",
      "type": {
        "coding": [
          {
            "system": "http://terminology.hl7.org/CodeSystem/research-study-objective-type",
            "code": "primary"
          }
        ]
      }
    },
    {
      "name": "Longterm quality of life of SARS-CoV-2 infected individuals recruited from the general population",
      "type": {
        "coding": [
          {
            "system": "http://terminology.hl7.org/CodeSystem/research-study-objective-type",
            "code": "secondary"
          }
        ]
      }
    }
  ]
}