{
  "resourceType" : "ResearchStudy",
  "id" : "ExampleStudyNapkonCovidom",
  "meta" : {
    "profile" : ["https://www.vision-zero-oncology.de/fhir/StructureDefinition/clinical-study"]
  },
  "text" : {
    "status" : "generated",
    "div" : "<div xmlns=\"http://www.w3.org/1999/xhtml\"><p><b>Generated Narrative: ResearchStudy</b><a name=\"ExampleStudyNapkonCovidom\"> </a></p><div style=\"display: inline-block; background-color: #d9e0e7; padding: 6px; margin: 4px; border: 1px solid #8da1b4; border-radius: 5px; line-height: 60%\"><p style=\"margin-bottom: 0px\">Resource ResearchStudy &quot;ExampleStudyNapkonCovidom&quot; </p><p style=\"margin-bottom: 0px\">Profile: <a href=\"StructureDefinition-clinical-study.html\">Profile Clinical Study</a></p></div><p><b>identifier</b>: id:\u00a0NCT04679584, id:\u00a0DRKS00023742</p><p><b>title</b>: COVIDOM: Longterm Morbidity of SARS-CoV-2 Infection and COVID-19 Disease - Consequences for Health Status and Quality of Life (NAPKON-POP)</p><p><b>status</b>: active</p><p><b>phase</b>: N/A <span style=\"background: LightGoldenRodYellow; margin: 4px; border: 1px solid khaki\"> (<a href=\"http://terminology.hl7.org/5.0.0/CodeSystem-research-study-phase.html\">ResearchStudyPhase</a>#n-a)</span></p><p><b>category</b>: Observational Study <span style=\"background: LightGoldenRodYellow; margin: 4px; border: 1px solid khaki\"> (<a href=\"http://terminology.hl7.org/5.0.0/CodeSystem-v3-nciThesaurus.html\">NCI Thesaurus</a>#C16084)</span>, Cohort Study <span style=\"background: LightGoldenRodYellow; margin: 4px; border: 1px solid khaki\"> (<a href=\"http://terminology.hl7.org/5.0.0/CodeSystem-v3-nciThesaurus.html\">NCI Thesaurus</a>#C15208)</span></p><p><b>condition</b>: Disease caused by severe acute respiratory syndrome coronavirus 2 (disorder) <span style=\"background: LightGoldenRodYellow; margin: 4px; border: 1px solid khaki\"> (<a href=\"https://browser.ihtsdotools.org/\">SNOMED CT</a>#840539006)</span></p><p><b>contact</b>: Stefan Schreiber, Prof. Dr.: <a href=\"mailto:s.schreiber@mucosa.de\">s.schreiber@mucosa.de</a>,ph: 0049 (0)431 500 22201, <a href=\"mailto:thomas.bahmer@uksh.de\">thomas.bahmer@uksh.de</a>,ph: 0049 (0) 431 500 62629</p><p><b>location</b>: Germany <span style=\"background: LightGoldenRodYellow; margin: 4px; border: 1px solid khaki\"> (<a href=\"http://terminology.hl7.org/5.0.0/CodeSystem-ISO3166Part1.html\">ISO 3166-1 Codes for the representation of names of countries and their subdivisions — Part 1: Country code</a>#DE)</span></p><p><b>period</b>: 2020-11-16 --&gt; 2021-12-31</p><p><b>sponsor</b>: <a href=\"https://simplifier.net/resolve?scope=de.basisprofil.r4@1.4.0&amp;canonical=http://fhir.org/packages/de.basisprofil.r4/Organization/UKSH\">Organization/UKSH</a></p><p><b>principalInvestigator</b>: <a href=\"https://simplifier.net/resolve?scope=de.basisprofil.r4@1.4.0&amp;canonical=http://fhir.org/packages/de.basisprofil.r4/Practitioner/example\">Practitioner/example</a></p><blockquote><p><b>objective</b></p><p><b>name</b>: Longterm morbidities and sequels of SARS-CoV-2 infections in the general population</p><p><b>type</b>: Primary <span style=\"background: LightGoldenRodYellow; margin: 4px; border: 1px solid khaki\"> (<a href=\"http://terminology.hl7.org/5.0.0/CodeSystem-research-study-objective-type.html\">ResearchStudyObjectiveType</a>#primary)</span></p></blockquote><blockquote><p><b>objective</b></p><p><b>name</b>: Longterm quality of life of SARS-CoV-2 infected individuals recruited from the general population</p><p><b>type</b>: Secondary <span style=\"background: LightGoldenRodYellow; margin: 4px; border: 1px solid khaki\"> (<a href=\"http://terminology.hl7.org/5.0.0/CodeSystem-research-study-objective-type.html\">ResearchStudyObjectiveType</a>#secondary)</span></p></blockquote></div>"
  },
  "identifier" : [{
    "system" : "http://clinicaltrials.gov",
    "value" : "NCT04679584"
  },
  {
    "system" : "https://www.drks.de",
    "value" : "DRKS00023742"
  }],
  "title" : "COVIDOM: Longterm Morbidity of SARS-CoV-2 Infection and COVID-19 Disease - Consequences for Health Status and Quality of Life (NAPKON-POP)",
  "status" : "active",
  "phase" : {
    "coding" : [{
      "system" : "http://terminology.hl7.org/CodeSystem/research-study-phase",
      "code" : "n-a"
    }]
  },
  "category" : [{
    "coding" : [{
      "system" : "http://ncicb.nci.nih.gov/xml/owl/EVS/Thesaurus.owl",
      "code" : "C16084",
      "display" : "Observational Study"
    }]
  },
  {
    "coding" : [{
      "system" : "http://ncicb.nci.nih.gov/xml/owl/EVS/Thesaurus.owl",
      "code" : "C15208",
      "display" : "Cohort Study"
    }]
  }],
  "condition" : [{
    "coding" : [{
      "system" : "http://snomed.info/sct",
      "code" : "840539006",
      "display" : "Disease caused by severe acute respiratory syndrome coronavirus 2 (disorder)"
    }]
  }],
  "contact" : [{
    "name" : "Stefan Schreiber, Prof. Dr.",
    "telecom" : [{
      "system" : "email",
      "value" : "s.schreiber@mucosa.de"
    },
    {
      "system" : "phone",
      "value" : "0049 (0)431 500 22201"
    }]
  },
  {
    "telecom" : [{
      "system" : "email",
      "value" : "thomas.bahmer@uksh.de"
    },
    {
      "system" : "phone",
      "value" : "0049 (0) 431 500 62629"
    }]
  }],
  "location" : [{
    "coding" : [{
      "system" : "urn:iso:std:iso:3166",
      "code" : "DE",
      "display" : "Germany"
    }]
  }],
  "period" : {
    "start" : "2020-11-16",
    "end" : "2021-12-31"
  },
  "sponsor" : {
    "reference" : "Organization/UKSH"
  },
  "principalInvestigator" : {
    "reference" : "Practitioner/example"
  },
  "objective" : [{
    "name" : "Longterm morbidities and sequels of SARS-CoV-2 infections in the general population",
    "type" : {
      "coding" : [{
        "system" : "http://terminology.hl7.org/CodeSystem/research-study-objective-type",
        "code" : "primary"
      }]
    }
  },
  {
    "name" : "Longterm quality of life of SARS-CoV-2 infected individuals recruited from the general population",
    "type" : {
      "coding" : [{
        "system" : "http://terminology.hl7.org/CodeSystem/research-study-objective-type",
        "code" : "secondary"
      }]
    }
  }]
}