{
  "resourceType" : "ValueSet",
  "id" : "studiendesign-ncit",
  "text" : {
    "status" : "generated",
    "div" : "<div xmlns=\"http://www.w3.org/1999/xhtml\">Placeholder</div>"
  },
  "url" : "https://www.vision-zero-oncology.de/fhir/ValueSet/studiendesign-ncit",
  "version" : "0.1.0",
  "name" : "VS_Studiendesign_NCIT",
  "title" : "ValueSet Studiendesign NCIt",
  "status" : "draft",
  "experimental" : false,
  "date" : "2023-09-27T08:44:59+00:00",
  "publisher" : "Berlin Institute of Health at Charité (BIH)",
  "contact" : [{
    "name" : "Berlin Institute of Health at Charité (BIH)",
    "telecom" : [{
      "system" : "url",
      "value" : "https://www.bihealth.org/"
    }]
  }],
  "description" : "Studiendesign aus NCI Thesaurus (NCIt)",
  "jurisdiction" : [{
    "coding" : [{
      "system" : "urn:iso:std:iso:3166",
      "code" : "DEU"
    }]
  }],
  "copyright" : "NCI THESAURUS is a registered trademark of the National Cancer Institute.",
  "compose" : {
    "include" : [{
      "system" : "http://ncicb.nci.nih.gov/xml/owl/EVS/Thesaurus.owl",
      "concept" : [{
        "code" : "C15197",
        "display" : "Case-Control Study"
      },
      {
        "code" : "C15208",
        "display" : "Cohort Study"
      },
      {
        "code" : "C53310",
        "display" : "Cross-Sectional Study"
      },
      {
        "code" : "C46079",
        "display" : "Randomized Controlled Clinical Trial"
      },
      {
        "code" : "C93043",
        "display" : "Nonrandomized Clinical Trial"
      },
      {
        "code" : "C53312",
        "display" : "Retrospective Study"
      },
      {
        "code" : "C142646",
        "display" : "Prospective Study"
      }]
    }]
  }
}