{
  "resourceType": "ValueSet",
  "id": "vs-morphology-icd-o-3",
  "text": {
    "status": "generated",
    "div": "<div xmlns=\"http://www.w3.org/1999/xhtml\"><ul><li>Include codes from <a href=\"http://terminology.hl7.org/3.1.0/CodeSystem-icd-o-3.html\"><code>http://terminology.hl7.org/CodeSystem/icd-o-3</code></a> where concept  matches (by regex)  ^\\d\\S*$</li></ul></div>"
  },
  "url": "https://www.vision-zero-oncology.de/fhir/ValueSet/morphology-icd-o-3",
  "version": "0.1.0",
  "name": "VS_Morphology_ICD_O_3",
  "title": "ValueSet Morphology ICD-O-3",
  "status": "active",
  "date": "2022-07-25T14:21:42+00:00",
  "publisher": "Berlin Institute of Health at Charité (BIH)",
  "contact": [
    {
      "name": "Berlin Institute of Health at Charité (BIH)",
      "telecom": [
        {
          "system": "url",
          "value": "https://www.bihealth.org/"
        }
      ]
    }
  ],
  "description": "The ValueSet contains the morphology (histology) codes from ICD-O-3.",
  "jurisdiction": [
    {
      "coding": [
        {
          "system": "urn:iso:std:iso:3166",
          "code": "DEU"
        }
      ]
    }
  ],
  "copyright": "CC-BY-SA-4.0",
  "compose": {
    "include": [
      {
        "system": "http://terminology.hl7.org/CodeSystem/icd-o-3",
        "filter": [
          {
            "property": "concept",
            "op": "regex",
            "value": "^\\d\\S*$"
          }
        ]
      }
    ]
  }
}