{
  "resourceType" : "ValueSet",
  "id" : "vs-recsit-category-observation",
  "text" : {
    "status" : "generated",
    "div" : "<div xmlns=\"http://www.w3.org/1999/xhtml\"><ul><li>Include these codes as defined in <a href=\"http://www.snomed.org/\"><code>http://snomed.info/sct</code></a><table class=\"none\"><tr><td style=\"white-space:nowrap\"><b>Code</b></td><td><b>Display</b></td></tr><tr><td><a href=\"http://snomed.info/id/103337004\">103337004</a></td><td>In partial remission</td></tr></table></li></ul></div>"
  },
  "url" : "https://www.vision-zero-oncology.de/fhir/ValueSet/vs-recsit-category-observation",
  "version" : "0.1.0",
  "name" : "VS_RECIST_Category_Observation",
  "title" : "Valueset for Categories of a BodyStructure in the context of one RECIST procedure",
  "status" : "draft",
  "date" : "2023-06-14T11:38:14+00:00",
  "publisher" : "Berlin Institute of Health at Charité (BIH)",
  "contact" : [{
    "name" : "Berlin Institute of Health at Charité (BIH)",
    "telecom" : [{
      "system" : "url",
      "value" : "https://www.bihealth.org/"
    }]
  }],
  "description" : "TODO",
  "jurisdiction" : [{
    "coding" : [{
      "system" : "urn:iso:std:iso:3166",
      "code" : "DEU"
    }]
  }],
  "copyright" : "CC-BY-SA-4.0",
  "compose" : {
    "include" : [{
      "system" : "http://snomed.info/sct",
      "concept" : [{
        "code" : "103337004",
        "display" : "In partial remission"
      }]
    }]
  }
}