{
  "resourceType" : "ValueSet",
  "id" : "morphology-snomed",
  "text" : {
    "status" : "generated",
    "div" : "<div xmlns=\"http://www.w3.org/1999/xhtml\"><ul><li>Include codes from <a href=\"http://www.snomed.org/\"><code>http://snomed.info/sct</code></a> where concept  descends from  400177003 (Neoplasm and/or hamartoma (morphologic abnormality))</li></ul></div>"
  },
  "url" : "https://www.vision-zero-oncology.de/fhir/ValueSet/morphology-snomed",
  "version" : "0.1.0",
  "name" : "VS_Morphology_SNOMED",
  "title" : "ValueSet Morphology SNOMED",
  "status" : "draft",
  "experimental" : false,
  "date" : "2023-06-14T11:38:14+00:00",
  "publisher" : "Berlin Institute of Health at Charité (BIH)",
  "contact" : [{
    "name" : "Berlin Institute of Health at Charité (BIH)",
    "telecom" : [{
      "system" : "url",
      "value" : "https://www.bihealth.org/"
    }]
  }],
  "description" : "The ValueSet contains the morphology (histology) codes from SNOMED CT.",
  "jurisdiction" : [{
    "coding" : [{
      "system" : "urn:iso:std:iso:3166",
      "code" : "DEU"
    }]
  }],
  "copyright" : "This artefact includes content from SNOMED Clinical Terms® (SNOMED CT®) which is copyright of the International Health Terminology Standards Development Organisation (IHTSDO). Implementers of these artefacts must have the appropriate SNOMED CT Affiliate license - for more information contact http://www.snomed.org/snomed-ct/getsnomed-ct or info@snomed.org.",
  "compose" : {
    "include" : [{
      "system" : "http://snomed.info/sct",
      "filter" : [{
        "property" : "concept",
        "op" : "descendent-of",
        "value" : "400177003"
      }]
    }]
  }
}