{
  "resourceType": "ValueSet",
  "id": "vs-tnm-m-category-uicc",
  "text": {
    "status": "generated",
    "div": "<div xmlns=\"http://www.w3.org/1999/xhtml\"><ul><li>Include these codes as defined in <code>urn:oid:2.16.840.1.113883.15.16</code><table class=\"none\"><tr><td style=\"white-space:nowrap\"><b>Code</b></td><td><b>Display</b></td></tr><tr><td>M0</td><td>M0</td></tr><tr><td>M1</td><td>M1</td></tr><tr><td>M1a</td><td>M1a</td></tr><tr><td>M1b</td><td>M1b</td></tr><tr><td>M1c</td><td>M1c</td></tr><tr><td>M1d</td><td>M1d</td></tr><tr><td>MX</td><td>MX</td></tr></table></li></ul></div>"
  },
  "url": "https://www.vision-zero-oncology.de/fhir/ValueSet/tnm-m-category-uicc",
  "version": "0.1.0",
  "name": "VS_TNM_M_Category_UICC",
  "title": "ValueSet TNM M Category UICC",
  "status": "active",
  "date": "2022-07-25T14:41:10+00:00",
  "publisher": "Berlin Institute of Health at Charité (BIH)",
  "contact": [
    {
      "name": "Berlin Institute of Health at Charité (BIH)",
      "telecom": [
        {
          "system": "url",
          "value": "https://www.bihealth.org/"
        }
      ]
    }
  ],
  "description": "This ValueSet contains the TNM M category codes from TNM 8th edition UICC.",
  "jurisdiction": [
    {
      "coding": [
        {
          "system": "urn:iso:std:iso:3166",
          "code": "DEU"
        }
      ]
    }
  ],
  "copyright": "CC-BY-SA-4.0",
  "compose": {
    "include": [
      {
        "system": "urn:oid:2.16.840.1.113883.15.16",
        "concept": [
          {
            "code": "M0",
            "display": "M0"
          },
          {
            "code": "M1",
            "display": "M1"
          },
          {
            "code": "M1a",
            "display": "M1a"
          },
          {
            "code": "M1b",
            "display": "M1b"
          },
          {
            "code": "M1c",
            "display": "M1c"
          },
          {
            "code": "M1d",
            "display": "M1d"
          },
          {
            "code": "MX",
            "display": "MX"
          }
        ]
      }
    ]
  }
}