{
  "resourceType" : "ValueSet",
  "id" : "study-focus-ncit",
  "text" : {
    "status" : "generated",
    "div" : "<div xmlns=\"http://www.w3.org/1999/xhtml\">Placeholder</div>"
  },
  "url" : "https://www.vision-zero-oncology.de/fhir/ValueSet/study-focus-ncit",
  "version" : "0.1.0",
  "name" : "VS_StudyFocus_NCIT",
  "title" : "ValueSet Study Focus NCIt",
  "status" : "draft",
  "experimental" : false,
  "date" : "2023-09-27T08:44:59+00:00",
  "publisher" : "Berlin Institute of Health at Charité (BIH)",
  "contact" : [{
    "name" : "Berlin Institute of Health at Charité (BIH)",
    "telecom" : [{
      "system" : "url",
      "value" : "https://www.bihealth.org/"
    }]
  }],
  "description" : "Study Focus aus NCI Thesaurus (NCIt)",
  "jurisdiction" : [{
    "coding" : [{
      "system" : "urn:iso:std:iso:3166",
      "code" : "DEU"
    }]
  }],
  "copyright" : "NCI THESAURUS is a registered trademark of the National Cancer Institute.",
  "compose" : {
    "include" : [{
      "system" : "http://ncicb.nci.nih.gov/xml/owl/EVS/Thesaurus.owl",
      "concept" : [{
        "code" : "C1909",
        "display" : "Pharmacologic Substance"
      },
      {
        "code" : "C16830",
        "display" : "Medical Device"
      },
      {
        "code" : "C78523",
        "display" : "Cosmetic"
      },
      {
        "code" : "C1505",
        "display" : "Dietary Supplement"
      }]
    }]
  }
}